Customer|Name|Revision|Configurable|Name|Number|Revision|Description|Manufacturer|Name|Number|Revision|Description|ConfigurationOption|ConsolidatedReferences|CustomerPartNumber|Name|Value|Description|InternalPartNumber|IsSubAssembly|ItemNumber|Manufacturer|OptionCode|Package|PartLabel|PartRevision|PartType|Polarized|Quantity|Reference|RevisionMode|Socket|UnitOfIssue|
REI-CCA|117167-REV3-REI|3_2|no||||PCBA,GPS EOS ROBUST|||||||||||ALERT RESPONSE STATUS|ALERTS|no|1||||||Electronic||0||UseSpecific||EA|
REI-CCA|117167-REV3-REI|3_2|no||||PCBA,GPS EOS ROBUST||||||||STN-117167-REV3_1-TOP-REI|||STENCIL,FOR ASSY 117167-REV1-REI|STN-117167-REV3_1-TOP-REI|no|2|||||3_1|Electronic||0||UseSpecific||EA|
REI-CCA|117167-REV3-REI|3_2|no||||PCBA,GPS EOS ROBUST|||||||||||DWG,ASSY 117167,POWER LINE MODEM|IREI-10-025-DWG|no|3|||||1|Generic||0||UseSpecific||REF|
REI-CCA|117167-REV3-REI|3_2|no||||PCBA,GPS EOS ROBUST|||||||||||SCH,REI,POWER LINE MODEM|402-482-001-SCH-REI|no|4|||||2|Generic||0||UseSpecific||REF|
REI-CCA|117167-REV3-REI|3_2|no||||PCBA,GPS EOS ROBUST|||||||||||TP,Reinke 117167 GPS End of System Board|TST-7692|no|5|||||0|Generic||0||UseSpecific||REF|
REI-CCA|117167-REV3-REI|3_2|no||||PCBA,GPS EOS ROBUST|||||||||||BOM,GPS EOS ROBUST|117167-BOM-REI|no|6|||||2_1|Generic||0||UseSpecific||REF|
REI-CCA|117167-REV3-REI|3_2|no||||PCBA,GPS EOS ROBUST|||||||||||PURCHASE PART SPEC,GPS EOS ROBUST|117167-PPS-REI|no|7|||||3_1|Generic||0||UseSpecific||REF|
REI-CCA|117167-REV3-REI|3_2|no||||PCBA,GPS EOS ROBUST|||||||||||PCB,POWER LINE MODEM|117167-REV3_1-REI|no|8|||||3_1|Electronic||1||UseSpecific||EA|
REI-CCA|117167-REV3-REI|3_2|no||||PCBA,GPS EOS ROBUST|||||||||||RES,0R00,1/20W,1%,+/-100PPM,THKF,0402|CRCW04020000Z0ED|no|9||||||Electronic||6||UseSpecific||EA|
REI-CCA|117167-REV3-REI|3_2|no||||PCBA,GPS EOS ROBUST|||||||||||RES,0R00,1/20W,1%,+/-100PPM,THKF,0402|CRCW04020000Z0ED|no|9||||||Electronic||6||UseSpecific||EA|
REI-CCA|117167-REV3-REI|3_2|no||||PCBA,GPS EOS ROBUST|||||||||||RES,0R00,1/20W,1%,+/-100PPM,THKF,0402|CRCW04020000Z0ED|no|9||||||Electronic||6||UseSpecific||EA|
REI-CCA|117167-REV3-REI|3_2|no||||PCBA,GPS EOS ROBUST|||||||||||RES,0R00,1/20W,1%,+/-100PPM,THKF,0402|CRCW04020000Z0ED|no|9||||||Electronic||6||UseSpecific||EA|
REI-CCA|117167-REV3-REI|3_2|no||||PCBA,GPS EOS ROBUST|||||||||||RES,0R00,1/20W,1%,+/-100PPM,THKF,0402|CRCW04020000Z0ED|no|9||||||Electronic||6||UseSpecific||EA|
REI-CCA|117167-REV3-REI|3_2|no||||PCBA,GPS EOS ROBUST|||||||||||RES,0R00,1/20W,1%,+/-100PPM,THKF,0402|CRCW04020000Z0ED|no|9||||||Electronic||6||UseSpecific||EA|
REI-CCA|117167-REV3-REI|3_2|no|71-CRCW0402-1.0K-E3|71-CRCW0402-1.0K-E3||PCBA,GPS EOS ROBUST|Vishay||||||||||RES,1K0,1/16W,1%,+/-100PPM,THKF,0402|CRCW04021K00FKED|no|10|Vishay|||||Electronic||4||UseSpecific||EA|
REI-CCA|117167-REV3-REI|3_2|no|71-CRCW0402-1.0K-E3|71-CRCW0402-1.0K-E3||PCBA,GPS EOS ROBUST|Vishay||||||||||RES,1K0,1/16W,1%,+/-100PPM,THKF,0402|CRCW04021K00FKED|no|10|Vishay|||||Electronic||4||UseSpecific||EA|
REI-CCA|117167-REV3-REI|3_2|no|71-CRCW0402-1.0K-E3|71-CRCW0402-1.0K-E3||PCBA,GPS EOS ROBUST|Vishay||||||||||RES,1K0,1/16W,1%,+/-100PPM,THKF,0402|CRCW04021K00FKED|no|10|Vishay|||||Electronic||4||UseSpecific||EA|
REI-CCA|117167-REV3-REI|3_2|no|71-CRCW0402-1.0K-E3|71-CRCW0402-1.0K-E3||PCBA,GPS EOS ROBUST|Vishay||||||||||RES,1K0,1/16W,1%,+/-100PPM,THKF,0402|CRCW04021K00FKED|no|10|Vishay|||||Electronic||4||UseSpecific||EA|
REI-CCA|117167-REV3-REI|3_2|no||||PCBA,GPS EOS ROBUST|Vishay||||||||||RES,1K21,1/16W,1%,+/-100PPM,0402,SMD|CRCW04021K21FKED|no|11|Vishay|||||Electronic||2||UseSpecific||EA|
REI-CCA|117167-REV3-REI|3_2|no||||PCBA,GPS EOS ROBUST|Vishay||||||||||RES,1K21,1/16W,1%,+/-100PPM,0402,SMD|CRCW04021K21FKED|no|11|Vishay|||||Electronic||2||UseSpecific||EA|
REI-CCA|117167-REV3-REI|3_2|no||||PCBA,GPS EOS ROBUST|Vishay||||||||||RES,1K27,1/16W,1%,+/-100PPM,THKF,0402|CRCW04021K27FKED|no|12|Vishay|||||Electronic||1||UseSpecific||EA|
REI-CCA|117167-REV3-REI|3_2|no||||PCBA,GPS EOS ROBUST|Vishay||||||||||SMT 0402 1/16 1.5K 1%|CRCW04021K50FKED|no|13|Vishay|||||Electronic||3||UseSpecific||EA|
REI-CCA|117167-REV3-REI|3_2|no||||PCBA,GPS EOS ROBUST|Vishay||||||||||SMT 0402 1/16 1.5K 1%|CRCW04021K50FKED|no|13|Vishay|||||Electronic||3||UseSpecific||EA|
REI-CCA|117167-REV3-REI|3_2|no||||PCBA,GPS EOS ROBUST|Vishay||||||||||SMT 0402 1/16 1.5K 1%|CRCW04021K50FKED|no|13|Vishay|||||Electronic||3||UseSpecific||EA|
REI-CCA|117167-REV3-REI|3_2|no||||PCBA,GPS EOS ROBUST|Vishay||||||||||RES,100R,1/16W,1%,+/-100PPM,THKF,0402|CRCW0402100RFKED|no|14|Vishay|||||Electronic||2||UseSpecific||EA|
REI-CCA|117167-REV3-REI|3_2|no||||PCBA,GPS EOS ROBUST|Vishay||||||||||RES,100R,1/16W,1%,+/-100PPM,THKF,0402|CRCW0402100RFKED|no|14|Vishay|||||Electronic||2||UseSpecific||EA|
REI-CCA|117167-REV3-REI|3_2|no||||PCBA,GPS EOS ROBUST|Vishay||||||||||RES,100K,1/16W,1%,+/-100PPM,THKF,0402|CRCW0402100KFKED|no|15|Vishay|||||Electronic||2||UseSpecific||EA|
REI-CCA|117167-REV3-REI|3_2|no||||PCBA,GPS EOS ROBUST|Vishay||||||||||RES,100K,1/16W,1%,+/-100PPM,THKF,0402|CRCW0402100KFKED|no|15|Vishay|||||Electronic||2||UseSpecific||EA|
REI-CCA|117167-REV3-REI|3_2|no|CRCW040210K0FKEE|CRCW040210K0FKEE||PCBA,GPS EOS ROBUST|Vishay||||||||||RES,10K0,1/16W,1%,+/-100PPM,THKF,0402|CRCW040210K0FKED|no|16|Vishay|||||Electronic||58||UseSpecific||EA|
REI-CCA|117167-REV3-REI|3_2|no|CRCW040210K0FKEE|CRCW040210K0FKEE||PCBA,GPS EOS ROBUST|Vishay||||||||||RES,10K0,1/16W,1%,+/-100PPM,THKF,0402|CRCW040210K0FKED|no|16|Vishay|||||Electronic||58||UseSpecific||EA|
REI-CCA|117167-REV3-REI|3_2|no|CRCW040210K0FKEE|CRCW040210K0FKEE||PCBA,GPS EOS ROBUST|Vishay||||||||||RES,10K0,1/16W,1%,+/-100PPM,THKF,0402|CRCW040210K0FKED|no|16|Vishay|||||Electronic||58||UseSpecific||EA|
REI-CCA|117167-REV3-REI|3_2|no|CRCW040210K0FKEE|CRCW040210K0FKEE||PCBA,GPS EOS ROBUST|Vishay||||||||||RES,10K0,1/16W,1%,+/-100PPM,THKF,0402|CRCW040210K0FKED|no|16|Vishay|||||Electronic||58||UseSpecific||EA|
REI-CCA|117167-REV3-REI|3_2|no|CRCW040210K0FKEE|CRCW040210K0FKEE||PCBA,GPS EOS ROBUST|Vishay||||||||||RES,10K0,1/16W,1%,+/-100PPM,THKF,0402|CRCW040210K0FKED|no|16|Vishay|||||Electronic||58||UseSpecific||EA|
REI-CCA|117167-REV3-REI|3_2|no|CRCW040210K0FKEE|CRCW040210K0FKEE||PCBA,GPS EOS ROBUST|Vishay||||||||||RES,10K0,1/16W,1%,+/-100PPM,THKF,0402|CRCW040210K0FKED|no|16|Vishay|||||Electronic||58||UseSpecific||EA|
REI-CCA|117167-REV3-REI|3_2|no|CRCW040210K0FKEE|CRCW040210K0FKEE||PCBA,GPS EOS ROBUST|Vishay||||||||||RES,10K0,1/16W,1%,+/-100PPM,THKF,0402|CRCW040210K0FKED|no|16|Vishay|||||Electronic||58||UseSpecific||EA|
REI-CCA|117167-REV3-REI|3_2|no|CRCW040210K0FKEE|CRCW040210K0FKEE||PCBA,GPS EOS ROBUST|Vishay||||||||||RES,10K0,1/16W,1%,+/-100PPM,THKF,0402|CRCW040210K0FKED|no|16|Vishay|||||Electronic||58||UseSpecific||EA|
REI-CCA|117167-REV3-REI|3_2|no|CRCW040210K0FKEE|CRCW040210K0FKEE||PCBA,GPS EOS ROBUST|Vishay||||||||||RES,10K0,1/16W,1%,+/-100PPM,THKF,0402|CRCW040210K0FKED|no|16|Vishay|||||Electronic||58||UseSpecific||EA|
REI-CCA|117167-REV3-REI|3_2|no|CRCW040210K0FKEE|CRCW040210K0FKEE||PCBA,GPS EOS ROBUST|Vishay||||||||||RES,10K0,1/16W,1%,+/-100PPM,THKF,0402|CRCW040210K0FKED|no|16|Vishay|||||Electronic||58||UseSpecific||EA|
REI-CCA|117167-REV3-REI|3_2|no|CRCW040210K0FKEE|CRCW040210K0FKEE||PCBA,GPS EOS ROBUST|Vishay||||||||||RES,10K0,1/16W,1%,+/-100PPM,THKF,0402|CRCW040210K0FKED|no|16|Vishay|||||Electronic||58||UseSpecific||EA|
REI-CCA|117167-REV3-REI|3_2|no|CRCW040210K0FKEE|CRCW040210K0FKEE||PCBA,GPS EOS ROBUST|Vishay||||||||||RES,10K0,1/16W,1%,+/-100PPM,THKF,0402|CRCW040210K0FKED|no|16|Vishay|||||Electronic||58||UseSpecific||EA|
REI-CCA|117167-REV3-REI|3_2|no|CRCW040210K0FKEE|CRCW040210K0FKEE||PCBA,GPS EOS ROBUST|Vishay||||||||||RES,10K0,1/16W,1%,+/-100PPM,THKF,0402|CRCW040210K0FKED|no|16|Vishay|||||Electronic||58||UseSpecific||EA|
REI-CCA|117167-REV3-REI|3_2|no|CRCW040210K0FKEE|CRCW040210K0FKEE||PCBA,GPS EOS ROBUST|Vishay||||||||||RES,10K0,1/16W,1%,+/-100PPM,THKF,0402|CRCW040210K0FKED|no|16|Vishay|||||Electronic||58||UseSpecific||EA|
REI-CCA|117167-REV3-REI|3_2|no|CRCW040210K0FKEE|CRCW040210K0FKEE||PCBA,GPS EOS ROBUST|Vishay||||||||||RES,10K0,1/16W,1%,+/-100PPM,THKF,0402|CRCW040210K0FKED|no|16|Vishay|||||Electronic||58||UseSpecific||EA|
REI-CCA|117167-REV3-REI|3_2|no|CRCW040210K0FKEE|CRCW040210K0FKEE||PCBA,GPS EOS ROBUST|Vishay||||||||||RES,10K0,1/16W,1%,+/-100PPM,THKF,0402|CRCW040210K0FKED|no|16|Vishay|||||Electronic||58||UseSpecific||EA|
REI-CCA|117167-REV3-REI|3_2|no|CRCW040210K0FKEE|CRCW040210K0FKEE||PCBA,GPS EOS ROBUST|Vishay||||||||||RES,10K0,1/16W,1%,+/-100PPM,THKF,0402|CRCW040210K0FKED|no|16|Vishay|||||Electronic||58||UseSpecific||EA|
REI-CCA|117167-REV3-REI|3_2|no|CRCW040210K0FKEE|CRCW040210K0FKEE||PCBA,GPS EOS ROBUST|Vishay||||||||||RES,10K0,1/16W,1%,+/-100PPM,THKF,0402|CRCW040210K0FKED|no|16|Vishay|||||Electronic||58||UseSpecific||EA|
REI-CCA|117167-REV3-REI|3_2|no|CRCW040210K0FKEE|CRCW040210K0FKEE||PCBA,GPS EOS ROBUST|Vishay||||||||||RES,10K0,1/16W,1%,+/-100PPM,THKF,0402|CRCW040210K0FKED|no|16|Vishay|||||Electronic||58||UseSpecific||EA|
REI-CCA|117167-REV3-REI|3_2|no|CRCW040210K0FKEE|CRCW040210K0FKEE||PCBA,GPS EOS ROBUST|Vishay||||||||||RES,10K0,1/16W,1%,+/-100PPM,THKF,0402|CRCW040210K0FKED|no|16|Vishay|||||Electronic||58||UseSpecific||EA|
REI-CCA|117167-REV3-REI|3_2|no|CRCW040210K0FKEE|CRCW040210K0FKEE||PCBA,GPS EOS ROBUST|Vishay||||||||||RES,10K0,1/16W,1%,+/-100PPM,THKF,0402|CRCW040210K0FKED|no|16|Vishay|||||Electronic||58||UseSpecific||EA|
REI-CCA|117167-REV3-REI|3_2|no|CRCW040210K0FKEE|CRCW040210K0FKEE||PCBA,GPS EOS ROBUST|Vishay||||||||||RES,10K0,1/16W,1%,+/-100PPM,THKF,0402|CRCW040210K0FKED|no|16|Vishay|||||Electronic||58||UseSpecific||EA|
REI-CCA|117167-REV3-REI|3_2|no|CRCW040210K0FKEE|CRCW040210K0FKEE||PCBA,GPS EOS ROBUST|Vishay||||||||||RES,10K0,1/16W,1%,+/-100PPM,THKF,0402|CRCW040210K0FKED|no|16|Vishay|||||Electronic||58||UseSpecific||EA|
REI-CCA|117167-REV3-REI|3_2|no|CRCW040210K0FKEE|CRCW040210K0FKEE||PCBA,GPS EOS ROBUST|Vishay||||||||||RES,10K0,1/16W,1%,+/-100PPM,THKF,0402|CRCW040210K0FKED|no|16|Vishay|||||Electronic||58||UseSpecific||EA|
REI-CCA|117167-REV3-REI|3_2|no|CRCW040210K0FKEE|CRCW040210K0FKEE||PCBA,GPS EOS ROBUST|Vishay||||||||||RES,10K0,1/16W,1%,+/-100PPM,THKF,0402|CRCW040210K0FKED|no|16|Vishay|||||Electronic||58||UseSpecific||EA|
REI-CCA|117167-REV3-REI|3_2|no|CRCW040210K0FKEE|CRCW040210K0FKEE||PCBA,GPS EOS ROBUST|Vishay||||||||||RES,10K0,1/16W,1%,+/-100PPM,THKF,0402|CRCW040210K0FKED|no|16|Vishay|||||Electronic||58||UseSpecific||EA|
REI-CCA|117167-REV3-REI|3_2|no|CRCW040210K0FKEE|CRCW040210K0FKEE||PCBA,GPS EOS ROBUST|Vishay||||||||||RES,10K0,1/16W,1%,+/-100PPM,THKF,0402|CRCW040210K0FKED|no|16|Vishay|||||Electronic||58||UseSpecific||EA|
REI-CCA|117167-REV3-REI|3_2|no|CRCW040210K0FKEE|CRCW040210K0FKEE||PCBA,GPS EOS ROBUST|Vishay||||||||||RES,10K0,1/16W,1%,+/-100PPM,THKF,0402|CRCW040210K0FKED|no|16|Vishay|||||Electronic||58||UseSpecific||EA|
REI-CCA|117167-REV3-REI|3_2|no|CRCW040210K0FKEE|CRCW040210K0FKEE||PCBA,GPS EOS ROBUST|Vishay||||||||||RES,10K0,1/16W,1%,+/-100PPM,THKF,0402|CRCW040210K0FKED|no|16|Vishay|||||Electronic||58||UseSpecific||EA|
REI-CCA|117167-REV3-REI|3_2|no|CRCW040210K0FKEE|CRCW040210K0FKEE||PCBA,GPS EOS ROBUST|Vishay||||||||||RES,10K0,1/16W,1%,+/-100PPM,THKF,0402|CRCW040210K0FKED|no|16|Vishay|||||Electronic||58||UseSpecific||EA|
REI-CCA|117167-REV3-REI|3_2|no|CRCW040210K0FKEE|CRCW040210K0FKEE||PCBA,GPS EOS ROBUST|Vishay||||||||||RES,10K0,1/16W,1%,+/-100PPM,THKF,0402|CRCW040210K0FKED|no|16|Vishay|||||Electronic||58||UseSpecific||EA|
REI-CCA|117167-REV3-REI|3_2|no|CRCW040210K0FKEE|CRCW040210K0FKEE||PCBA,GPS EOS ROBUST|Vishay||||||||||RES,10K0,1/16W,1%,+/-100PPM,THKF,0402|CRCW040210K0FKED|no|16|Vishay|||||Electronic||58||UseSpecific||EA|
REI-CCA|117167-REV3-REI|3_2|no||||PCBA,GPS EOS ROBUST|Vishay||||||||||RES,113R,1/16W,1%,+/-100PPM,THKF,0402|CRCW0402113RFKED|no|17|Vishay|||||Electronic||1||UseSpecific||EA|
REI-CCA|117167-REV3-REI|3_2|no||||PCBA,GPS EOS ROBUST|Vishay||||||||||RES,120K,1/16W,1%,+/-100PPM,THKF,0402|CRCW0402120KFKED|no|18|Vishay|||||Electronic||1||UseSpecific||EA|
REI-CCA|117167-REV3-REI|3_2|no||||PCBA,GPS EOS ROBUST|Vishay||||||||||RES,174K,1/16W,1%,+/-100PPM,THKF,0402|CRCW0402174KFKED|no|19|Vishay|||||Electronic||1||UseSpecific||EA|
REI-CCA|117167-REV3-REI|3_2|no||||PCBA,GPS EOS ROBUST|Vishay||||||||||RES,2K10,1/16W,1%,+/-100PPM,THKF,0402|CRCW04022K10FKED|no|20|Vishay|||||Electronic||10||UseSpecific||EA|
REI-CCA|117167-REV3-REI|3_2|no||||PCBA,GPS EOS ROBUST|Vishay||||||||||RES,2K10,1/16W,1%,+/-100PPM,THKF,0402|CRCW04022K10FKED|no|20|Vishay|||||Electronic||10||UseSpecific||EA|
REI-CCA|117167-REV3-REI|3_2|no||||PCBA,GPS EOS ROBUST|Vishay||||||||||RES,2K10,1/16W,1%,+/-100PPM,THKF,0402|CRCW04022K10FKED|no|20|Vishay|||||Electronic||10||UseSpecific||EA|
REI-CCA|117167-REV3-REI|3_2|no||||PCBA,GPS EOS ROBUST|Vishay||||||||||RES,2K87,1/16W,1%,+/-100PPM,THKF,0402|CRCW04022K87FKED|no|21|Vishay|||||Electronic||1||UseSpecific||EA|
REI-CCA|117167-REV3-REI|3_2|no||||PCBA,GPS EOS ROBUST|Vishay||||||||||RES,220K,1/16W,1%,+/-100PPM,THKF,0402|CRCW0402220KFKED|no|22|Vishay|||||Electronic||1||UseSpecific||EA|
REI-CCA|117167-REV3-REI|3_2|no||||PCBA,GPS EOS ROBUST|Vishay||||||||||RES,22K0,1/16W,1%,+/-100PPM,THKF,0402|CRCW040222K0FKED|no|23|Vishay|||||Electronic||1||UseSpecific||EA|
REI-CCA|117167-REV3-REI|3_2|no|RK73H1ETTP3401F|RK73H1ETTP3401F||PCBA,GPS EOS ROBUST|KOA||||||||||RES,3K40,1/16W,1%,+/-100PPM,THKF,0402|CRCW04023K40FKED|no|24|KOA|||||Electronic||1||UseSpecific||EA|
REI-CCA|117167-REV3-REI|3_2|no||||PCBA,GPS EOS ROBUST|KOA||||||||||RES,33K2,1/16W,1%,+/-100PPM,THKF,0402|CRCW040233K2FKED|no|25|KOA|||||Electronic||4||UseSpecific||EA|
REI-CCA|117167-REV3-REI|3_2|no||||PCBA,GPS EOS ROBUST|KOA||||||||||RES,33K2,1/16W,1%,+/-100PPM,THKF,0402|CRCW040233K2FKED|no|25|KOA|||||Electronic||4||UseSpecific||EA|
REI-CCA|117167-REV3-REI|3_2|no||||PCBA,GPS EOS ROBUST|KOA||||||||||RES,33K2,1/16W,1%,+/-100PPM,THKF,0402|CRCW040233K2FKED|no|25|KOA|||||Electronic||4||UseSpecific||EA|
REI-CCA|117167-REV3-REI|3_2|no||||PCBA,GPS EOS ROBUST|KOA||||||||||RES,33K2,1/16W,1%,+/-100PPM,THKF,0402|CRCW040233K2FKED|no|25|KOA|||||Electronic||4||UseSpecific||EA|
REI-CCA|117167-REV3-REI|3_2|no||||PCBA,GPS EOS ROBUST|KOA||||||||||RES,340K,1/16W,1%,+/-100PPM,THKF,0402|CRCW0402340KFKED|no|26|KOA|||||Electronic||1||UseSpecific||EA|
REI-CCA|117167-REV3-REI|3_2|no||||PCBA,GPS EOS ROBUST|KOA||||||||||RES,4K87,1/16W,1%,+/-100PPM,THKF,0402|CRCW04024K87FKED|no|27|KOA|||||Electronic||1||UseSpecific||EA|
REI-CCA|117167-REV3-REI|3_2|no||||PCBA,GPS EOS ROBUST|KOA||||||||||RES,47K0,1/16W,1%,+/-100PPM,THKF,0402|CRCW040247K0FKED|no|28|KOA|||||Electronic||1||UseSpecific||EA|
REI-CCA|117167-REV3-REI|3_2|no||||PCBA,GPS EOS ROBUST|KOA||||||||||RES,511R,1/16W,1%,+/-100PPM,THKF,0402|CRCW0402511RFKED|no|29|KOA|||||Electronic||2||UseSpecific||EA|
REI-CCA|117167-REV3-REI|3_2|no||||PCBA,GPS EOS ROBUST|KOA||||||||||RES,511R,1/16W,1%,+/-100PPM,THKF,0402|CRCW0402511RFKED|no|29|KOA|||||Electronic||2||UseSpecific||EA|
REI-CCA|117167-REV3-REI|3_2|no||||PCBA,GPS EOS ROBUST|KOA|||||||CRCW040253K6FKED|||RES,53K6,1/16W,1%,+/-100PPM,0402,SMD|CRCW040253K6FKED|no|30|KOA|||||Electronic||1||UseSpecific||EA|
REI-CCA|117167-REV3-REI|3_2|no||||PCBA,GPS EOS ROBUST|KOA||||||||||RES,590R,1/16W,1%,+/-100PPM,THKF,0402|CRCW0402590RFKED|no|31|KOA|||||Electronic||1||UseSpecific||EA|
REI-CCA|117167-REV3-REI|3_2|no||||PCBA,GPS EOS ROBUST|KOA||||||||||RES,6K19,1/16W,1%,+/-100PPM,THKF,0402|CRCW04026K19FKED|no|32|KOA|||||Electronic||1||UseSpecific||EA|
REI-CCA|117167-REV3-REI|3_2|no||||PCBA,GPS EOS ROBUST|KOA||||||||||RES,634R,1/16W,1%,+/-100PPM,THKF,0402|CRCW0402634RFKED|no|33|KOA|||||Electronic||1||UseSpecific||EA|
REI-CCA|117167-REV3-REI|3_2|no||||PCBA,GPS EOS ROBUST|KOA||||||||||RES,750R,1/16W,1%,+/-100PPM,THKF,0402|CRCW0402750RFKED|no|34|KOA|||||Electronic||1||UseSpecific||EA|
REI-CCA|117167-REV3-REI|3_2|no||||PCBA,GPS EOS ROBUST|KOA||||||||||CAP,100PF,50V,5%,C0G,CER,0402|04025A101JAT2A|no|35|KOA|||||Electronic||1||UseSpecific||EA|
REI-CCA|117167-REV3-REI|3_2|no||||PCBA,GPS EOS ROBUST|KOA||||||||||CAP,C0G,1000PF,50V,5%,0402,SMD|GRM1555C1H102JA01D|no|36|KOA|||||Electronic||2||UseSpecific||EA|
REI-CCA|117167-REV3-REI|3_2|no||||PCBA,GPS EOS ROBUST|KOA||||||||||CAP,C0G,1000PF,50V,5%,0402,SMD|GRM1555C1H102JA01D|no|36|KOA|||||Electronic||2||UseSpecific||EA|
REI-CCA|117167-REV3-REI|3_2|no||||PCBA,GPS EOS ROBUST|KOA||||||||||CAP,0.01UF,50V,X7R,10%,CER,0402|GRM155R71H103KA88D|no|37|KOA|||||Electronic||5||UseSpecific||EA|
REI-CCA|117167-REV3-REI|3_2|no||||PCBA,GPS EOS ROBUST|KOA||||||||||CAP,0.01UF,50V,X7R,10%,CER,0402|GRM155R71H103KA88D|no|37|KOA|||||Electronic||5||UseSpecific||EA|
REI-CCA|117167-REV3-REI|3_2|no||||PCBA,GPS EOS ROBUST|KOA||||||||||CAP,0.01UF,50V,X7R,10%,CER,0402|GRM155R71H103KA88D|no|37|KOA|||||Electronic||5||UseSpecific||EA|
REI-CCA|117167-REV3-REI|3_2|no||||PCBA,GPS EOS ROBUST|KOA||||||||||CAP,0.01UF,50V,X7R,10%,CER,0402|GRM155R71H103KA88D|no|37|KOA|||||Electronic||5||UseSpecific||EA|
REI-CCA|117167-REV3-REI|3_2|no||||PCBA,GPS EOS ROBUST|KOA||||||||||CAP,0.01UF,50V,X7R,10%,CER,0402|GRM155R71H103KA88D|no|37|KOA|||||Electronic||5||UseSpecific||EA|
REI-CCA|117167-REV3-REI|3_2|no||||PCBA,GPS EOS ROBUST|KOA||||||||||CAP,0.1UF,16V,X7R,10%,0402|GRM155R71C104KA88D|no|38|KOA|||||Electronic||28||UseSpecific||EA|
REI-CCA|117167-REV3-REI|3_2|no||||PCBA,GPS EOS ROBUST|KOA||||||||||CAP,0.1UF,16V,X7R,10%,0402|GRM155R71C104KA88D|no|38|KOA|||||Electronic||28||UseSpecific||EA|
REI-CCA|117167-REV3-REI|3_2|no||||PCBA,GPS EOS ROBUST|KOA||||||||||CAP,0.1UF,16V,X7R,10%,0402|GRM155R71C104KA88D|no|38|KOA|||||Electronic||28||UseSpecific||EA|
REI-CCA|117167-REV3-REI|3_2|no||||PCBA,GPS EOS ROBUST|KOA||||||||||CAP,0.1UF,16V,X7R,10%,0402|GRM155R71C104KA88D|no|38|KOA|||||Electronic||28||UseSpecific||EA|
REI-CCA|117167-REV3-REI|3_2|no||||PCBA,GPS EOS ROBUST|KOA||||||||||CAP,0.1UF,16V,X7R,10%,0402|GRM155R71C104KA88D|no|38|KOA|||||Electronic||28||UseSpecific||EA|
REI-CCA|117167-REV3-REI|3_2|no||||PCBA,GPS EOS ROBUST|KOA||||||||||CAP,0.1UF,16V,X7R,10%,0402|GRM155R71C104KA88D|no|38|KOA|||||Electronic||28||UseSpecific||EA|
REI-CCA|117167-REV3-REI|3_2|no||||PCBA,GPS EOS ROBUST|KOA||||||||||CAP,0.1UF,16V,X7R,10%,0402|GRM155R71C104KA88D|no|38|KOA|||||Electronic||28||UseSpecific||EA|
REI-CCA|117167-REV3-REI|3_2|no||||PCBA,GPS EOS ROBUST|KOA||||||||||CAP,0.1UF,16V,X7R,10%,0402|GRM155R71C104KA88D|no|38|KOA|||||Electronic||28||UseSpecific||EA|
REI-CCA|117167-REV3-REI|3_2|no||||PCBA,GPS EOS ROBUST|KOA||||||||||CAP,0.1UF,16V,X7R,10%,0402|GRM155R71C104KA88D|no|38|KOA|||||Electronic||28||UseSpecific||EA|
REI-CCA|117167-REV3-REI|3_2|no||||PCBA,GPS EOS ROBUST|KOA||||||||||CAP,0.1UF,16V,X7R,10%,0402|GRM155R71C104KA88D|no|38|KOA|||||Electronic||28||UseSpecific||EA|
REI-CCA|117167-REV3-REI|3_2|no||||PCBA,GPS EOS ROBUST|KOA||||||||||CAP,0.1UF,16V,X7R,10%,0402|GRM155R71C104KA88D|no|38|KOA|||||Electronic||28||UseSpecific||EA|
REI-CCA|117167-REV3-REI|3_2|no||||PCBA,GPS EOS ROBUST|KOA||||||||||CAP,0.1UF,16V,X7R,10%,0402|GRM155R71C104KA88D|no|38|KOA|||||Electronic||28||UseSpecific||EA|
REI-CCA|117167-REV3-REI|3_2|no||||PCBA,GPS EOS ROBUST|KOA||||||||||CAP,0.1UF,16V,X7R,10%,0402|GRM155R71C104KA88D|no|38|KOA|||||Electronic||28||UseSpecific||EA|
REI-CCA|117167-REV3-REI|3_2|no||||PCBA,GPS EOS ROBUST|KOA||||||||||CAP,0.1UF,16V,X7R,10%,0402|GRM155R71C104KA88D|no|38|KOA|||||Electronic||28||UseSpecific||EA|
REI-CCA|117167-REV3-REI|3_2|no||||PCBA,GPS EOS ROBUST|KOA||||||||||CAP,0.1UF,16V,X7R,10%,0402|GRM155R71C104KA88D|no|38|KOA|||||Electronic||28||UseSpecific||EA|
REI-CCA|117167-REV3-REI|3_2|no||||PCBA,GPS EOS ROBUST|KOA||||||||||CAP,0.1UF,16V,X7R,10%,0402|GRM155R71C104KA88D|no|38|KOA|||||Electronic||28||UseSpecific||EA|
REI-CCA|117167-REV3-REI|3_2|no|C0402C120K4GAC-7867|C0402C120K4GAC-7867||PCBA,GPS EOS ROBUST|Kemet||||||||||CAP,12PF,16V,C0G,10%,CER,0402|C0402C120K4GACTU|no|39|Kemet|||||Electronic||1||UseSpecific||EA|
REI-CCA|117167-REV3-REI|3_2|no|C0402C120K4GAC7867|C0402C120K4GAC7867||PCBA,GPS EOS ROBUST|Kemet||||||||||CAP,12PF,16V,C0G,10%,CER,0402|C0402C120K4GACTU|no|40|Kemet|||||Electronic||1||UseSpecific||EA|
REI-CCA|117167-REV3-REI|3_2|no|CC0402JRNPO9BN150|CC0402JRNPO9BN150||PCBA,GPS EOS ROBUST|Yageo||||||||||CAP,15PF,50V,5%,C0G,CER,0402|CC0402JRNP09BN150|no|41|Yageo|||||Electronic||3||UseSpecific||EA|
REI-CCA|117167-REV3-REI|3_2|no|CC0402JRNPO9BN150|CC0402JRNPO9BN150||PCBA,GPS EOS ROBUST|Yageo||||||||||CAP,15PF,50V,5%,C0G,CER,0402|CC0402JRNP09BN150|no|41|Yageo|||||Electronic||3||UseSpecific||EA|
REI-CCA|117167-REV3-REI|3_2|no|CC0402JRNPO9BN150|CC0402JRNPO9BN150||PCBA,GPS EOS ROBUST|Yageo||||||||||CAP,15PF,50V,5%,C0G,CER,0402|CC0402JRNP09BN150|no|41|Yageo|||||Electronic||3||UseSpecific||EA|
REI-CCA|117167-REV3-REI|3_2|no||||PCBA,GPS EOS ROBUST|Yageo|||||||GRM155R71H223KA12D|||CAP,0.022UF,50V,10%,X7R,CER,0402|GRM155R71H223KA12D|no|42|Yageo|||||Electronic||1||UseSpecific||EA|
REI-CCA|117167-REV3-REI|3_2|no||||PCBA,GPS EOS ROBUST|Yageo||||||||||CAP,390PF,50V,X7R,10%,CER,0402|04025C391KAT2A|no|43|Yageo|||||Electronic||1||UseSpecific||EA|
REI-CCA|117167-REV3-REI|3_2|no||||PCBA,GPS EOS ROBUST|Yageo||||||||||CAP,47PF,50V,C0G,5%,CER,0402|GRM1555C1H470JA01D|no|44|Yageo|||||Electronic||1||UseSpecific||EA|
REI-CCA|117167-REV3-REI|3_2|no||||PCBA,GPS EOS ROBUST|Yageo||||||||||CAP,56PF,50V,C0G,5%,CER,0402|GRM1555C1H560JA01D|no|45|Yageo|||||Electronic||1||UseSpecific||EA|
REI-CCA|117167-REV3-REI|3_2|no||||PCBA,GPS EOS ROBUST|Yageo||||||||||CAP,0.0068UF,50V,10%,X7R,CER,0402|GRM155R71H682KA88D|no|46|Yageo|||||Electronic||1||UseSpecific||EA|
REI-CCA|117167-REV3-REI|3_2|no||||PCBA,GPS EOS ROBUST|Yageo||||||||||CAP,820PF,50V,C0G,5%,CER,0402|GRM1555C1H821JA01D|no|47|Yageo|||||Electronic||1||UseSpecific||EA|
REI-CCA|117167-REV3-REI|3_2|no|C0603C104K5RAC-7867|C0603C104K5RAC-7867||PCBA,GPS EOS ROBUST|Kemet|||||||C0603C104K5RAC-7800|||CAP, X7R, 0.1UF, 50V, 10%, 0603|C0603C104K5RAC-7800|no|48|Kemet|||||Electronic||13||UseSpecific||EA|
REI-CCA|117167-REV3-REI|3_2|no|C0603C104K5RAC-7867|C0603C104K5RAC-7867||PCBA,GPS EOS ROBUST|Kemet|||||||C0603C104K5RAC-7800|||CAP, X7R, 0.1UF, 50V, 10%, 0603|C0603C104K5RAC-7800|no|48|Kemet|||||Electronic||13||UseSpecific||EA|
REI-CCA|117167-REV3-REI|3_2|no|C0603C104K5RAC-7867|C0603C104K5RAC-7867||PCBA,GPS EOS ROBUST|Kemet|||||||C0603C104K5RAC-7800|||CAP, X7R, 0.1UF, 50V, 10%, 0603|C0603C104K5RAC-7800|no|48|Kemet|||||Electronic||13||UseSpecific||EA|
REI-CCA|117167-REV3-REI|3_2|no|C0603C104K5RAC76217867|C0603C104K5RAC76217867||PCBA,GPS EOS ROBUST|Kemet|||||||C0603C104K5RAC-7800|||CAP, X7R, 0.1UF, 50V, 10%, 0603|C0603C104K5RAC-7800|no|49|Kemet|||||Electronic||13||UseSpecific||EA|
REI-CCA|117167-REV3-REI|3_2|no|C0603C104K5RAC76217867|C0603C104K5RAC76217867||PCBA,GPS EOS ROBUST|Kemet|||||||C0603C104K5RAC-7800|||CAP, X7R, 0.1UF, 50V, 10%, 0603|C0603C104K5RAC-7800|no|49|Kemet|||||Electronic||13||UseSpecific||EA|
REI-CCA|117167-REV3-REI|3_2|no|C0603C104K5RAC76217867|C0603C104K5RAC76217867||PCBA,GPS EOS ROBUST|Kemet|||||||C0603C104K5RAC-7800|||CAP, X7R, 0.1UF, 50V, 10%, 0603|C0603C104K5RAC-7800|no|49|Kemet|||||Electronic||13||UseSpecific||EA|
REI-CCA|117167-REV3-REI|3_2|no|C0603C104K5RAC7867|C0603C104K5RAC7867||PCBA,GPS EOS ROBUST|Kemet|||||||C0603C104K5RAC-7800|||CAP, X7R, 0.1UF, 50V, 10%, 0603|C0603C104K5RAC-7800|no|50|Kemet|||||Electronic||13||UseSpecific||EA|
REI-CCA|117167-REV3-REI|3_2|no|C0603C104K5RAC7867|C0603C104K5RAC7867||PCBA,GPS EOS ROBUST|Kemet|||||||C0603C104K5RAC-7800|||CAP, X7R, 0.1UF, 50V, 10%, 0603|C0603C104K5RAC-7800|no|50|Kemet|||||Electronic||13||UseSpecific||EA|
REI-CCA|117167-REV3-REI|3_2|no|C0603C104K5RAC7867|C0603C104K5RAC7867||PCBA,GPS EOS ROBUST|Kemet|||||||C0603C104K5RAC-7800|||CAP, X7R, 0.1UF, 50V, 10%, 0603|C0603C104K5RAC-7800|no|50|Kemet|||||Electronic||13||UseSpecific||EA|
REI-CCA|117167-REV3-REI|3_2|no|C0603C104K5RACTU|C0603C104K5RACTU||PCBA,GPS EOS ROBUST|Kemet|||||||C0603C104K5RAC-7800|||CAP, X7R, 0.1UF, 50V, 10%, 0603|C0603C104K5RAC-7800|no|51|Kemet|||||Electronic||13||UseSpecific||EA|
REI-CCA|117167-REV3-REI|3_2|no|C0603C104K5RACTU|C0603C104K5RACTU||PCBA,GPS EOS ROBUST|Kemet|||||||C0603C104K5RAC-7800|||CAP, X7R, 0.1UF, 50V, 10%, 0603|C0603C104K5RAC-7800|no|51|Kemet|||||Electronic||13||UseSpecific||EA|
REI-CCA|117167-REV3-REI|3_2|no|C0603C104K5RACTU|C0603C104K5RACTU||PCBA,GPS EOS ROBUST|Kemet|||||||C0603C104K5RAC-7800|||CAP, X7R, 0.1UF, 50V, 10%, 0603|C0603C104K5RAC-7800|no|51|Kemet|||||Electronic||13||UseSpecific||EA|
REI-CCA|117167-REV3-REI|3_2|no|C1608X7R1H104K080AA|C1608X7R1H104K080AA||PCBA,GPS EOS ROBUST|TDK|||||||C0603C104K5RAC-7800|||CAP, X7R, 0.1UF, 50V, 10%, 0603|C0603C104K5RAC-7800|no|52|TDK|||||Electronic||13||UseSpecific||EA|
REI-CCA|117167-REV3-REI|3_2|no|C1608X7R1H104K080AA|C1608X7R1H104K080AA||PCBA,GPS EOS ROBUST|TDK|||||||C0603C104K5RAC-7800|||CAP, X7R, 0.1UF, 50V, 10%, 0603|C0603C104K5RAC-7800|no|52|TDK|||||Electronic||13||UseSpecific||EA|
REI-CCA|117167-REV3-REI|3_2|no|C1608X7R1H104K080AA|C1608X7R1H104K080AA||PCBA,GPS EOS ROBUST|TDK|||||||C0603C104K5RAC-7800|||CAP, X7R, 0.1UF, 50V, 10%, 0603|C0603C104K5RAC-7800|no|52|TDK|||||Electronic||13||UseSpecific||EA|
REI-CCA|117167-REV3-REI|3_2|no|C1608X7R1H104KT000N|C1608X7R1H104KT000N||PCBA,GPS EOS ROBUST|TDK|||||||C0603C104K5RAC-7800|||CAP, X7R, 0.1UF, 50V, 10%, 0603|C0603C104K5RAC-7800|no|53|TDK|||||Electronic||13||UseSpecific||EA|
REI-CCA|117167-REV3-REI|3_2|no|C1608X7R1H104KT000N|C1608X7R1H104KT000N||PCBA,GPS EOS ROBUST|TDK|||||||C0603C104K5RAC-7800|||CAP, X7R, 0.1UF, 50V, 10%, 0603|C0603C104K5RAC-7800|no|53|TDK|||||Electronic||13||UseSpecific||EA|
REI-CCA|117167-REV3-REI|3_2|no|C1608X7R1H104KT000N|C1608X7R1H104KT000N||PCBA,GPS EOS ROBUST|TDK|||||||C0603C104K5RAC-7800|||CAP, X7R, 0.1UF, 50V, 10%, 0603|C0603C104K5RAC-7800|no|53|TDK|||||Electronic||13||UseSpecific||EA|
REI-CCA|117167-REV3-REI|3_2|no|C1608X7R1E105KT000N|C1608X7R1E105KT000N||PCBA,GPS EOS ROBUST|TDK||||||||||CAP,1UF,25V,X7R,10%,CER,0603|C1608X7R1E105K080AB|no|54|TDK|||||Electronic||1||UseSpecific||EA|
REI-CCA|117167-REV3-REI|3_2|no||||PCBA,GPS EOS ROBUST|TDK||||||||||CAP,0.0018F,50V,5%,C0G,CER,0603|GRM1885C1H182JA01D|no|55|TDK|||||Electronic||1||UseSpecific||EA|
REI-CCA|117167-REV3-REI|3_2|no|C1608X7R1H224KT000N|C1608X7R1H224KT000N||PCBA,GPS EOS ROBUST|TDK||||||||||SMT 0603 .22UF 50V 10% X7R|C1608X7R1H224K080AB|no|56|TDK|||||Electronic||5||UseSpecific||EA|
REI-CCA|117167-REV3-REI|3_2|no|C1608X7R1H224KT000N|C1608X7R1H224KT000N||PCBA,GPS EOS ROBUST|TDK||||||||||SMT 0603 .22UF 50V 10% X7R|C1608X7R1H224K080AB|no|56|TDK|||||Electronic||5||UseSpecific||EA|
REI-CCA|117167-REV3-REI|3_2|no|C1608X7R1H224KT000N|C1608X7R1H224KT000N||PCBA,GPS EOS ROBUST|TDK||||||||||SMT 0603 .22UF 50V 10% X7R|C1608X7R1H224K080AB|no|56|TDK|||||Electronic||5||UseSpecific||EA|
REI-CCA|117167-REV3-REI|3_2|no|C1608X7R1H224KT000N|C1608X7R1H224KT000N||PCBA,GPS EOS ROBUST|TDK||||||||||SMT 0603 .22UF 50V 10% X7R|C1608X7R1H224K080AB|no|56|TDK|||||Electronic||5||UseSpecific||EA|
REI-CCA|117167-REV3-REI|3_2|no|C1608X7R1H224KT000N|C1608X7R1H224KT000N||PCBA,GPS EOS ROBUST|TDK||||||||||SMT 0603 .22UF 50V 10% X7R|C1608X7R1H224K080AB|no|56|TDK|||||Electronic||5||UseSpecific||EA|
REI-CCA|117167-REV3-REI|3_2|no||||PCBA,GPS EOS ROBUST|TDK||||||||||CAP,0.0039UF,50V,C0G,5%,CER,0603|GRM1885C1H392JA01D|no|57|TDK|||||Electronic||1||UseSpecific||EA|
REI-CCA|117167-REV3-REI|3_2|no|06035C472KAT2A|06035C472KAT2A||PCBA,GPS EOS ROBUST|AVX Electronics||||||||||CAP,4.7NF,50V,10%,X7R,CER,0603|GRM188R71H472KA01D|no|58|AVX Electronics|||||Electronic||1||UseSpecific||EA|
REI-CCA|117167-REV3-REI|3_2|no|C0603C472K5RACTU|C0603C472K5RACTU||PCBA,GPS EOS ROBUST|Kemet||||||||||CAP,4.7NF,50V,10%,X7R,CER,0603|GRM188R71H472KA01D|no|59|Kemet|||||Electronic||1||UseSpecific||EA|
REI-CCA|117167-REV3-REI|3_2|no||||PCBA,GPS EOS ROBUST|Kemet||||||||||RES,0R00,1/8W,1%,+/-100PPM,THKF,0805|CRCW08050000Z0EA|no|60|Kemet|||||Electronic||1||UseSpecific||EA|
REI-CCA|117167-REV3-REI|3_2|no||||PCBA,GPS EOS ROBUST|Kemet||||||||||RES,10R0,1/2W,1%,+/-100PPM,THKF,0805|CRCW080510R0FKEAHP|no|61|Kemet|||||Electronic||2||UseSpecific||EA|
REI-CCA|117167-REV3-REI|3_2|no||||PCBA,GPS EOS ROBUST|Kemet||||||||||RES,10R0,1/2W,1%,+/-100PPM,THKF,0805|CRCW080510R0FKEAHP|no|61|Kemet|||||Electronic||2||UseSpecific||EA|
REI-CCA|117167-REV3-REI|3_2|no|08055C105KAT2A|08055C105KAT2A||PCBA,GPS EOS ROBUST|AVX Electronics||||||||||CAP,1UF,50V,10%,X7R,CER,0805|GRM21BR71H105KA12L|no|62|AVX Electronics|||||Electronic||10||UseSpecific||EA|
REI-CCA|117167-REV3-REI|3_2|no|08055C105KAT2A|08055C105KAT2A||PCBA,GPS EOS ROBUST|AVX Electronics||||||||||CAP,1UF,50V,10%,X7R,CER,0805|GRM21BR71H105KA12L|no|62|AVX Electronics|||||Electronic||10||UseSpecific||EA|
REI-CCA|117167-REV3-REI|3_2|no|08055C105KAT2A|08055C105KAT2A||PCBA,GPS EOS ROBUST|AVX Electronics||||||||||CAP,1UF,50V,10%,X7R,CER,0805|GRM21BR71H105KA12L|no|62|AVX Electronics|||||Electronic||10||UseSpecific||EA|
REI-CCA|117167-REV3-REI|3_2|no|08055C105KAT2A|08055C105KAT2A||PCBA,GPS EOS ROBUST|AVX Electronics||||||||||CAP,1UF,50V,10%,X7R,CER,0805|GRM21BR71H105KA12L|no|62|AVX Electronics|||||Electronic||10||UseSpecific||EA|
REI-CCA|117167-REV3-REI|3_2|no|08055C105KAT2A|08055C105KAT2A||PCBA,GPS EOS ROBUST|AVX Electronics||||||||||CAP,1UF,50V,10%,X7R,CER,0805|GRM21BR71H105KA12L|no|62|AVX Electronics|||||Electronic||10||UseSpecific||EA|
REI-CCA|117167-REV3-REI|3_2|no|08055C105KAT2A|08055C105KAT2A||PCBA,GPS EOS ROBUST|AVX Electronics||||||||||CAP,1UF,50V,10%,X7R,CER,0805|GRM21BR71H105KA12L|no|62|AVX Electronics|||||Electronic||10||UseSpecific||EA|
REI-CCA|117167-REV3-REI|3_2|no|08055C105KAT2A|08055C105KAT2A||PCBA,GPS EOS ROBUST|AVX Electronics||||||||||CAP,1UF,50V,10%,X7R,CER,0805|GRM21BR71H105KA12L|no|62|AVX Electronics|||||Electronic||10||UseSpecific||EA|
REI-CCA|117167-REV3-REI|3_2|no|08055C105KAT2A|08055C105KAT2A||PCBA,GPS EOS ROBUST|AVX Electronics||||||||||CAP,1UF,50V,10%,X7R,CER,0805|GRM21BR71H105KA12L|no|62|AVX Electronics|||||Electronic||10||UseSpecific||EA|
REI-CCA|117167-REV3-REI|3_2|no|08055C105KAT2A|08055C105KAT2A||PCBA,GPS EOS ROBUST|AVX Electronics||||||||||CAP,1UF,50V,10%,X7R,CER,0805|GRM21BR71H105KA12L|no|62|AVX Electronics|||||Electronic||10||UseSpecific||EA|
REI-CCA|117167-REV3-REI|3_2|no|08055C105KAT2A|08055C105KAT2A||PCBA,GPS EOS ROBUST|AVX Electronics||||||||||CAP,1UF,50V,10%,X7R,CER,0805|GRM21BR71H105KA12L|no|62|AVX Electronics|||||Electronic||10||UseSpecific||EA|
REI-CCA|117167-REV3-REI|3_2|no|C0805C105K5RACTU|C0805C105K5RACTU||PCBA,GPS EOS ROBUST|Kemet||||||||||CAP,1UF,50V,10%,X7R,CER,0805|GRM21BR71H105KA12L|no|63|Kemet|||||Electronic||10||UseSpecific||EA|
REI-CCA|117167-REV3-REI|3_2|no|C0805C105K5RACTU|C0805C105K5RACTU||PCBA,GPS EOS ROBUST|Kemet||||||||||CAP,1UF,50V,10%,X7R,CER,0805|GRM21BR71H105KA12L|no|63|Kemet|||||Electronic||10||UseSpecific||EA|
REI-CCA|117167-REV3-REI|3_2|no|C0805C105K5RACTU|C0805C105K5RACTU||PCBA,GPS EOS ROBUST|Kemet||||||||||CAP,1UF,50V,10%,X7R,CER,0805|GRM21BR71H105KA12L|no|63|Kemet|||||Electronic||10||UseSpecific||EA|
REI-CCA|117167-REV3-REI|3_2|no|C0805C105K5RACTU|C0805C105K5RACTU||PCBA,GPS EOS ROBUST|Kemet||||||||||CAP,1UF,50V,10%,X7R,CER,0805|GRM21BR71H105KA12L|no|63|Kemet|||||Electronic||10||UseSpecific||EA|
REI-CCA|117167-REV3-REI|3_2|no|C0805C105K5RACTU|C0805C105K5RACTU||PCBA,GPS EOS ROBUST|Kemet||||||||||CAP,1UF,50V,10%,X7R,CER,0805|GRM21BR71H105KA12L|no|63|Kemet|||||Electronic||10||UseSpecific||EA|
REI-CCA|117167-REV3-REI|3_2|no|C0805C105K5RACTU|C0805C105K5RACTU||PCBA,GPS EOS ROBUST|Kemet||||||||||CAP,1UF,50V,10%,X7R,CER,0805|GRM21BR71H105KA12L|no|63|Kemet|||||Electronic||10||UseSpecific||EA|
REI-CCA|117167-REV3-REI|3_2|no|C0805C105K5RACTU|C0805C105K5RACTU||PCBA,GPS EOS ROBUST|Kemet||||||||||CAP,1UF,50V,10%,X7R,CER,0805|GRM21BR71H105KA12L|no|63|Kemet|||||Electronic||10||UseSpecific||EA|
REI-CCA|117167-REV3-REI|3_2|no|C0805C105K5RACTU|C0805C105K5RACTU||PCBA,GPS EOS ROBUST|Kemet||||||||||CAP,1UF,50V,10%,X7R,CER,0805|GRM21BR71H105KA12L|no|63|Kemet|||||Electronic||10||UseSpecific||EA|
REI-CCA|117167-REV3-REI|3_2|no|C0805C105K5RACTU|C0805C105K5RACTU||PCBA,GPS EOS ROBUST|Kemet||||||||||CAP,1UF,50V,10%,X7R,CER,0805|GRM21BR71H105KA12L|no|63|Kemet|||||Electronic||10||UseSpecific||EA|
REI-CCA|117167-REV3-REI|3_2|no|C0805C105K5RACTU|C0805C105K5RACTU||PCBA,GPS EOS ROBUST|Kemet||||||||||CAP,1UF,50V,10%,X7R,CER,0805|GRM21BR71H105KA12L|no|63|Kemet|||||Electronic||10||UseSpecific||EA|
REI-CCA|117167-REV3-REI|3_2|no|GRM21BR71H105KA12|GRM21BR71H105KA12||PCBA,GPS EOS ROBUST|Murata-Erie||||||||||CAP,1UF,50V,10%,X7R,CER,0805|GRM21BR71H105KA12L|no|64|Murata-Erie|||||Electronic||10||UseSpecific||EA|
REI-CCA|117167-REV3-REI|3_2|no|GRM21BR71H105KA12|GRM21BR71H105KA12||PCBA,GPS EOS ROBUST|Murata-Erie||||||||||CAP,1UF,50V,10%,X7R,CER,0805|GRM21BR71H105KA12L|no|64|Murata-Erie|||||Electronic||10||UseSpecific||EA|
REI-CCA|117167-REV3-REI|3_2|no|GRM21BR71H105KA12|GRM21BR71H105KA12||PCBA,GPS EOS ROBUST|Murata-Erie||||||||||CAP,1UF,50V,10%,X7R,CER,0805|GRM21BR71H105KA12L|no|64|Murata-Erie|||||Electronic||10||UseSpecific||EA|
REI-CCA|117167-REV3-REI|3_2|no|GRM21BR71H105KA12|GRM21BR71H105KA12||PCBA,GPS EOS ROBUST|Murata-Erie||||||||||CAP,1UF,50V,10%,X7R,CER,0805|GRM21BR71H105KA12L|no|64|Murata-Erie|||||Electronic||10||UseSpecific||EA|
REI-CCA|117167-REV3-REI|3_2|no|GRM21BR71H105KA12|GRM21BR71H105KA12||PCBA,GPS EOS ROBUST|Murata-Erie||||||||||CAP,1UF,50V,10%,X7R,CER,0805|GRM21BR71H105KA12L|no|64|Murata-Erie|||||Electronic||10||UseSpecific||EA|
REI-CCA|117167-REV3-REI|3_2|no|GRM21BR71H105KA12|GRM21BR71H105KA12||PCBA,GPS EOS ROBUST|Murata-Erie||||||||||CAP,1UF,50V,10%,X7R,CER,0805|GRM21BR71H105KA12L|no|64|Murata-Erie|||||Electronic||10||UseSpecific||EA|
REI-CCA|117167-REV3-REI|3_2|no|GRM21BR71H105KA12|GRM21BR71H105KA12||PCBA,GPS EOS ROBUST|Murata-Erie||||||||||CAP,1UF,50V,10%,X7R,CER,0805|GRM21BR71H105KA12L|no|64|Murata-Erie|||||Electronic||10||UseSpecific||EA|
REI-CCA|117167-REV3-REI|3_2|no|GRM21BR71H105KA12|GRM21BR71H105KA12||PCBA,GPS EOS ROBUST|Murata-Erie||||||||||CAP,1UF,50V,10%,X7R,CER,0805|GRM21BR71H105KA12L|no|64|Murata-Erie|||||Electronic||10||UseSpecific||EA|
REI-CCA|117167-REV3-REI|3_2|no|GRM21BR71H105KA12|GRM21BR71H105KA12||PCBA,GPS EOS ROBUST|Murata-Erie||||||||||CAP,1UF,50V,10%,X7R,CER,0805|GRM21BR71H105KA12L|no|64|Murata-Erie|||||Electronic||10||UseSpecific||EA|
REI-CCA|117167-REV3-REI|3_2|no|GRM21BR71H105KA12|GRM21BR71H105KA12||PCBA,GPS EOS ROBUST|Murata-Erie||||||||||CAP,1UF,50V,10%,X7R,CER,0805|GRM21BR71H105KA12L|no|64|Murata-Erie|||||Electronic||10||UseSpecific||EA|
REI-CCA|117167-REV3-REI|3_2|no|CL21B105KBFNNNE|CL21B105KBFNNNE||PCBA,GPS EOS ROBUST|Samsung||||||||||CAP,1UF,50V,10%,X7R,CER,0805|GRM21BR71H105KA12L|no|65|Samsung|||||Electronic||10||UseSpecific||EA|
REI-CCA|117167-REV3-REI|3_2|no|CL21B105KBFNNNE|CL21B105KBFNNNE||PCBA,GPS EOS ROBUST|Samsung||||||||||CAP,1UF,50V,10%,X7R,CER,0805|GRM21BR71H105KA12L|no|65|Samsung|||||Electronic||10||UseSpecific||EA|
REI-CCA|117167-REV3-REI|3_2|no|CL21B105KBFNNNE|CL21B105KBFNNNE||PCBA,GPS EOS ROBUST|Samsung||||||||||CAP,1UF,50V,10%,X7R,CER,0805|GRM21BR71H105KA12L|no|65|Samsung|||||Electronic||10||UseSpecific||EA|
REI-CCA|117167-REV3-REI|3_2|no|CL21B105KBFNNNE|CL21B105KBFNNNE||PCBA,GPS EOS ROBUST|Samsung||||||||||CAP,1UF,50V,10%,X7R,CER,0805|GRM21BR71H105KA12L|no|65|Samsung|||||Electronic||10||UseSpecific||EA|
REI-CCA|117167-REV3-REI|3_2|no|CL21B105KBFNNNE|CL21B105KBFNNNE||PCBA,GPS EOS ROBUST|Samsung||||||||||CAP,1UF,50V,10%,X7R,CER,0805|GRM21BR71H105KA12L|no|65|Samsung|||||Electronic||10||UseSpecific||EA|
REI-CCA|117167-REV3-REI|3_2|no|CL21B105KBFNNNE|CL21B105KBFNNNE||PCBA,GPS EOS ROBUST|Samsung||||||||||CAP,1UF,50V,10%,X7R,CER,0805|GRM21BR71H105KA12L|no|65|Samsung|||||Electronic||10||UseSpecific||EA|
REI-CCA|117167-REV3-REI|3_2|no|CL21B105KBFNNNE|CL21B105KBFNNNE||PCBA,GPS EOS ROBUST|Samsung||||||||||CAP,1UF,50V,10%,X7R,CER,0805|GRM21BR71H105KA12L|no|65|Samsung|||||Electronic||10||UseSpecific||EA|
REI-CCA|117167-REV3-REI|3_2|no|CL21B105KBFNNNE|CL21B105KBFNNNE||PCBA,GPS EOS ROBUST|Samsung||||||||||CAP,1UF,50V,10%,X7R,CER,0805|GRM21BR71H105KA12L|no|65|Samsung|||||Electronic||10||UseSpecific||EA|
REI-CCA|117167-REV3-REI|3_2|no|CL21B105KBFNNNE|CL21B105KBFNNNE||PCBA,GPS EOS ROBUST|Samsung||||||||||CAP,1UF,50V,10%,X7R,CER,0805|GRM21BR71H105KA12L|no|65|Samsung|||||Electronic||10||UseSpecific||EA|
REI-CCA|117167-REV3-REI|3_2|no|CL21B105KBFNNNE|CL21B105KBFNNNE||PCBA,GPS EOS ROBUST|Samsung||||||||||CAP,1UF,50V,10%,X7R,CER,0805|GRM21BR71H105KA12L|no|65|Samsung|||||Electronic||10||UseSpecific||EA|
REI-CCA|117167-REV3-REI|3_2|no||||PCBA,GPS EOS ROBUST|Samsung||||||||||CAP,X7R,0.022UF,50V,10%,0805,SMD|08055C223KAT2A|no|66|Samsung|||||Electronic||2||UseSpecific||EA|
REI-CCA|117167-REV3-REI|3_2|no||||PCBA,GPS EOS ROBUST|Samsung||||||||||CAP,X7R,0.022UF,50V,10%,0805,SMD|08055C223KAT2A|no|66|Samsung|||||Electronic||2||UseSpecific||EA|
REI-CCA|117167-REV3-REI|3_2|no||||PCBA,GPS EOS ROBUST|Samsung||||||||||CAP,0.47UF,50V,10%,X7R,CER,0805|08055C474KAT2A|no|67|Samsung|||||Electronic||1||UseSpecific||EA|
REI-CCA|117167-REV3-REI|3_2|no|C3216X5R1H106KT000N|C3216X5R1H106KT000N||PCBA,GPS EOS ROBUST|TDK||||||||||CAP,10UF,50V,X5R,10%,CER,1206|C3216X5R1H106K160AB|no|68|TDK|||||Electronic||1||UseSpecific||EA|
REI-CCA|117167-REV3-REI|3_2|no||||PCBA,GPS EOS ROBUST|TDK|||||||GRM32DR71E106KA12L|||CAP, X7R, 10UF, 25V, 10%, 1210|GRM32DR71E106KA12L|no|69|TDK|||||Electronic||2||UseSpecific||EA|
REI-CCA|117167-REV3-REI|3_2|no||||PCBA,GPS EOS ROBUST|TDK|||||||GRM32DR71E106KA12L|||CAP, X7R, 10UF, 25V, 10%, 1210|GRM32DR71E106KA12L|no|69|TDK|||||Electronic||2||UseSpecific||EA|
REI-CCA|117167-REV3-REI|3_2|no|C1210C106K5RAC7800|C1210C106K5RAC7800||PCBA,GPS EOS ROBUST|Kemet||||||||||CAP,10UF,50V,X7R,10%,CER,1210|GRM32ER71H106KA12L|no|70|Kemet|||||Electronic||1||UseSpecific||EA|
REI-CCA|117167-REV3-REI|3_2|no|C1210C106K5RACTU|C1210C106K5RACTU||PCBA,GPS EOS ROBUST|Kemet||||||||||CAP,10UF,50V,X7R,10%,CER,1210|GRM32ER71H106KA12L|no|71|Kemet|||||Electronic||1||UseSpecific||EA|
REI-CCA|117167-REV3-REI|3_2|no|KEMC1210C106K5RACTU|KEMC1210C106K5RACTU||PCBA,GPS EOS ROBUST|Kemet||||||||||CAP,10UF,50V,X7R,10%,CER,1210|GRM32ER71H106KA12L|no|72|Kemet|||||Electronic||1||UseSpecific||EA|
REI-CCA|117167-REV3-REI|3_2|no|KEMC1210C106K5RACTU.|KEMC1210C106K5RACTU.||PCBA,GPS EOS ROBUST|Kemet||||||||||CAP,10UF,50V,X7R,10%,CER,1210|GRM32ER71H106KA12L|no|73|Kemet|||||Electronic||1||UseSpecific||EA|
REI-CCA|117167-REV3-REI|3_2|no|12103C226KAT2A|12103C226KAT2A||PCBA,GPS EOS ROBUST|AVX Electronics||||||||||CAP,22UF,25V,20%,X7R,CER,1210|TMK325B7226MM-TR|no|74|AVX Electronics|||||Electronic||3||UseSpecific||EA|
REI-CCA|117167-REV3-REI|3_2|no|12103C226KAT2A|12103C226KAT2A||PCBA,GPS EOS ROBUST|AVX Electronics||||||||||CAP,22UF,25V,20%,X7R,CER,1210|TMK325B7226MM-TR|no|74|AVX Electronics|||||Electronic||3||UseSpecific||EA|
REI-CCA|117167-REV3-REI|3_2|no|12103C226KAT2A|12103C226KAT2A||PCBA,GPS EOS ROBUST|AVX Electronics||||||||||CAP,22UF,25V,20%,X7R,CER,1210|TMK325B7226MM-TR|no|74|AVX Electronics|||||Electronic||3||UseSpecific||EA|
REI-CCA|117167-REV3-REI|3_2|no|C1210C226K3RAC-7800|C1210C226K3RAC-7800||PCBA,GPS EOS ROBUST|Kemet||||||||||CAP,22UF,25V,20%,X7R,CER,1210|TMK325B7226MM-TR|no|75|Kemet|||||Electronic||3||UseSpecific||EA|
REI-CCA|117167-REV3-REI|3_2|no|C1210C226K3RAC-7800|C1210C226K3RAC-7800||PCBA,GPS EOS ROBUST|Kemet||||||||||CAP,22UF,25V,20%,X7R,CER,1210|TMK325B7226MM-TR|no|75|Kemet|||||Electronic||3||UseSpecific||EA|
REI-CCA|117167-REV3-REI|3_2|no|C1210C226K3RAC-7800|C1210C226K3RAC-7800||PCBA,GPS EOS ROBUST|Kemet||||||||||CAP,22UF,25V,20%,X7R,CER,1210|TMK325B7226MM-TR|no|75|Kemet|||||Electronic||3||UseSpecific||EA|
REI-CCA|117167-REV3-REI|3_2|no|C1210C226K3RAC7800|C1210C226K3RAC7800||PCBA,GPS EOS ROBUST|Kemet||||||||||CAP,22UF,25V,20%,X7R,CER,1210|TMK325B7226MM-TR|no|76|Kemet|||||Electronic||3||UseSpecific||EA|
REI-CCA|117167-REV3-REI|3_2|no|C1210C226K3RAC7800|C1210C226K3RAC7800||PCBA,GPS EOS ROBUST|Kemet||||||||||CAP,22UF,25V,20%,X7R,CER,1210|TMK325B7226MM-TR|no|76|Kemet|||||Electronic||3||UseSpecific||EA|
REI-CCA|117167-REV3-REI|3_2|no|C1210C226K3RAC7800|C1210C226K3RAC7800||PCBA,GPS EOS ROBUST|Kemet||||||||||CAP,22UF,25V,20%,X7R,CER,1210|TMK325B7226MM-TR|no|76|Kemet|||||Electronic||3||UseSpecific||EA|
REI-CCA|117167-REV3-REI|3_2|no|C1210C226K3RACTU|C1210C226K3RACTU||PCBA,GPS EOS ROBUST|Kemet||||||||||CAP,22UF,25V,20%,X7R,CER,1210|TMK325B7226MM-TR|no|77|Kemet|||||Electronic||3||UseSpecific||EA|
REI-CCA|117167-REV3-REI|3_2|no|C1210C226K3RACTU|C1210C226K3RACTU||PCBA,GPS EOS ROBUST|Kemet||||||||||CAP,22UF,25V,20%,X7R,CER,1210|TMK325B7226MM-TR|no|77|Kemet|||||Electronic||3||UseSpecific||EA|
REI-CCA|117167-REV3-REI|3_2|no|C1210C226K3RACTU|C1210C226K3RACTU||PCBA,GPS EOS ROBUST|Kemet||||||||||CAP,22UF,25V,20%,X7R,CER,1210|TMK325B7226MM-TR|no|77|Kemet|||||Electronic||3||UseSpecific||EA|
REI-CCA|117167-REV3-REI|3_2|no|C1210C226M3RAC-7800|C1210C226M3RAC-7800||PCBA,GPS EOS ROBUST|Kemet||||||||||CAP,22UF,25V,20%,X7R,CER,1210|TMK325B7226MM-TR|no|78|Kemet|||||Electronic||3||UseSpecific||EA|
REI-CCA|117167-REV3-REI|3_2|no|C1210C226M3RAC-7800|C1210C226M3RAC-7800||PCBA,GPS EOS ROBUST|Kemet||||||||||CAP,22UF,25V,20%,X7R,CER,1210|TMK325B7226MM-TR|no|78|Kemet|||||Electronic||3||UseSpecific||EA|
REI-CCA|117167-REV3-REI|3_2|no|C1210C226M3RAC-7800|C1210C226M3RAC-7800||PCBA,GPS EOS ROBUST|Kemet||||||||||CAP,22UF,25V,20%,X7R,CER,1210|TMK325B7226MM-TR|no|78|Kemet|||||Electronic||3||UseSpecific||EA|
REI-CCA|117167-REV3-REI|3_2|no|C1210C226M3RAC7800|C1210C226M3RAC7800||PCBA,GPS EOS ROBUST|Kemet||||||||||CAP,22UF,25V,20%,X7R,CER,1210|TMK325B7226MM-TR|no|79|Kemet|||||Electronic||3||UseSpecific||EA|
REI-CCA|117167-REV3-REI|3_2|no|C1210C226M3RAC7800|C1210C226M3RAC7800||PCBA,GPS EOS ROBUST|Kemet||||||||||CAP,22UF,25V,20%,X7R,CER,1210|TMK325B7226MM-TR|no|79|Kemet|||||Electronic||3||UseSpecific||EA|
REI-CCA|117167-REV3-REI|3_2|no|C1210C226M3RAC7800|C1210C226M3RAC7800||PCBA,GPS EOS ROBUST|Kemet||||||||||CAP,22UF,25V,20%,X7R,CER,1210|TMK325B7226MM-TR|no|79|Kemet|||||Electronic||3||UseSpecific||EA|
REI-CCA|117167-REV3-REI|3_2|no|C1210C226M3RACTU|C1210C226M3RACTU||PCBA,GPS EOS ROBUST|Kemet||||||||||CAP,22UF,25V,20%,X7R,CER,1210|TMK325B7226MM-TR|no|80|Kemet|||||Electronic||3||UseSpecific||EA|
REI-CCA|117167-REV3-REI|3_2|no|C1210C226M3RACTU|C1210C226M3RACTU||PCBA,GPS EOS ROBUST|Kemet||||||||||CAP,22UF,25V,20%,X7R,CER,1210|TMK325B7226MM-TR|no|80|Kemet|||||Electronic||3||UseSpecific||EA|
REI-CCA|117167-REV3-REI|3_2|no|C1210C226M3RACTU|C1210C226M3RACTU||PCBA,GPS EOS ROBUST|Kemet||||||||||CAP,22UF,25V,20%,X7R,CER,1210|TMK325B7226MM-TR|no|80|Kemet|||||Electronic||3||UseSpecific||EA|
REI-CCA|117167-REV3-REI|3_2|no|CE TMK325 B7226MM-TR|CE TMK325 B7226MM-TR||PCBA,GPS EOS ROBUST|Taiyo Yuden||||||||||CAP,22UF,25V,20%,X7R,CER,1210|TMK325B7226MM-TR|no|81|Taiyo Yuden|||||Electronic||3||UseSpecific||EA|
REI-CCA|117167-REV3-REI|3_2|no|CE TMK325 B7226MM-TR|CE TMK325 B7226MM-TR||PCBA,GPS EOS ROBUST|Taiyo Yuden||||||||||CAP,22UF,25V,20%,X7R,CER,1210|TMK325B7226MM-TR|no|81|Taiyo Yuden|||||Electronic||3||UseSpecific||EA|
REI-CCA|117167-REV3-REI|3_2|no|CE TMK325 B7226MM-TR|CE TMK325 B7226MM-TR||PCBA,GPS EOS ROBUST|Taiyo Yuden||||||||||CAP,22UF,25V,20%,X7R,CER,1210|TMK325B7226MM-TR|no|81|Taiyo Yuden|||||Electronic||3||UseSpecific||EA|
REI-CCA|117167-REV3-REI|3_2|no|TMK325 B7226MM-TR|TMK325 B7226MM-TR||PCBA,GPS EOS ROBUST|Taiyo Yuden||||||||||CAP,22UF,25V,20%,X7R,CER,1210|TMK325B7226MM-TR|no|82|Taiyo Yuden|||||Electronic||3||UseSpecific||EA|
REI-CCA|117167-REV3-REI|3_2|no|TMK325 B7226MM-TR|TMK325 B7226MM-TR||PCBA,GPS EOS ROBUST|Taiyo Yuden||||||||||CAP,22UF,25V,20%,X7R,CER,1210|TMK325B7226MM-TR|no|82|Taiyo Yuden|||||Electronic||3||UseSpecific||EA|
REI-CCA|117167-REV3-REI|3_2|no|TMK325 B7226MM-TR|TMK325 B7226MM-TR||PCBA,GPS EOS ROBUST|Taiyo Yuden||||||||||CAP,22UF,25V,20%,X7R,CER,1210|TMK325B7226MM-TR|no|82|Taiyo Yuden|||||Electronic||3||UseSpecific||EA|
REI-CCA|117167-REV3-REI|3_2|no|GRM32ER71K475KE14L|GRM32ER71K475KE14L||PCBA,GPS EOS ROBUST|Murata-Erie||||||||||CAP,4.7UF,80V,X7R,20%,CER,1210|GRM32ER71K475ME14L|no|83|Murata-Erie|||||Electronic||6||UseSpecific||EA|
REI-CCA|117167-REV3-REI|3_2|no|GRM32ER71K475KE14L|GRM32ER71K475KE14L||PCBA,GPS EOS ROBUST|Murata-Erie||||||||||CAP,4.7UF,80V,X7R,20%,CER,1210|GRM32ER71K475ME14L|no|83|Murata-Erie|||||Electronic||6||UseSpecific||EA|
REI-CCA|117167-REV3-REI|3_2|no|GRM32ER71K475KE14L|GRM32ER71K475KE14L||PCBA,GPS EOS ROBUST|Murata-Erie||||||||||CAP,4.7UF,80V,X7R,20%,CER,1210|GRM32ER71K475ME14L|no|83|Murata-Erie|||||Electronic||6||UseSpecific||EA|
REI-CCA|117167-REV3-REI|3_2|no||||PCBA,GPS EOS ROBUST|Murata-Erie||||||||||RES,16K2,1W,1%,+/-100PPM,THKF,2512|CRCW251216K2FKEG|no|84|Murata-Erie|||||Electronic||4||UseSpecific||EA|
REI-CCA|117167-REV3-REI|3_2|no||||PCBA,GPS EOS ROBUST|Murata-Erie||||||||||RES,16K2,1W,1%,+/-100PPM,THKF,2512|CRCW251216K2FKEG|no|84|Murata-Erie|||||Electronic||4||UseSpecific||EA|
REI-CCA|117167-REV3-REI|3_2|no||||PCBA,GPS EOS ROBUST|Murata-Erie||||||||||RES,16K2,1W,1%,+/-100PPM,THKF,2512|CRCW251216K2FKEG|no|84|Murata-Erie|||||Electronic||4||UseSpecific||EA|
REI-CCA|117167-REV3-REI|3_2|no||||PCBA,GPS EOS ROBUST|Murata-Erie||||||||||RES,16K2,1W,1%,+/-100PPM,THKF,2512|CRCW251216K2FKEG|no|84|Murata-Erie|||||Electronic||4||UseSpecific||EA|
REI-CCA|117167-REV3-REI|3_2|no||||PCBA,GPS EOS ROBUST|Murata-Erie||||||||||RES,1M00,1W,1%,+/-100PPM,THKF,2512|CRCW25121M00FKEG|no|85|Murata-Erie|||||Electronic||1||UseSpecific||EA|
REI-CCA|117167-REV3-REI|3_2|no||||PCBA,GPS EOS ROBUST|Murata-Erie||||||||||RES,POT,10K0,1/4W,20%,1/1TURN,2.54MM,SMT|3314G-1-103E|no|86|Murata-Erie|||||Electronic||1||UseSpecific||EA|
REI-CCA|117167-REV3-REI|3_2|no||||PCBA,GPS EOS ROBUST|Murata-Erie||||||||||FERRITE-BEAD,1KOHM,25%,100MHZ,400MA,0603|MMZ1608R102ATA00|no|87|Murata-Erie|||||Electronic||1||UseSpecific||EA|
REI-CCA|117167-REV3-REI|3_2|no||||PCBA,GPS EOS ROBUST|Murata-Erie||||||||||FERRITE,BEAD,100-OHM,8A,100MHZ,1812,SMD|HI1812V101R-10|no|88|Murata-Erie|||||Electronic||2||UseSpecific||EA|
REI-CCA|117167-REV3-REI|3_2|no||||PCBA,GPS EOS ROBUST|Murata-Erie||||||||||FERRITE,BEAD,100-OHM,8A,100MHZ,1812,SMD|HI1812V101R-10|no|88|Murata-Erie|||||Electronic||2||UseSpecific||EA|
REI-CCA|117167-REV3-REI|3_2|no||||PCBA,GPS EOS ROBUST|Murata-Erie||||||||||INDUCTOR,1UH,20%,100KHZ,2.2A,WW,1210|BRL3225T1R0M|no|89|Murata-Erie|||||Electronic||1||UseSpecific||EA|
REI-CCA|117167-REV3-REI|3_2|no|ETQP4M100YFN|ETQP4M100YFN||PCBA,GPS EOS ROBUST|Panasonic||||||||||CHOKE,POWER,10UH,20%,100KHZ,4.5A,WW,SMT|ETQ-P4M100YFN|no|90|Panasonic|||||Electronic||1||UseSpecific||EA|
REI-CCA|117167-REV3-REI|3_2|no||||PCBA,GPS EOS ROBUST|Panasonic||||||||||INDUCTOR,PWR,22UH,20%,3.85A,100KHZ,WW|MSS1048-223MLC|no|91|Panasonic|||||Electronic||1||UseSpecific||EA|
REI-CCA|117167-REV3-REI|3_2|no||||PCBA,GPS EOS ROBUST|Panasonic||||||||||INDUCTOR,270UH,10%,1MHZ,65MA,WW,1210|LQH32MN271K23L|no|92|Panasonic|||||Electronic||1||UseSpecific||EA|
REI-CCA|117167-REV3-REI|3_2|no|NL453232T-561J-PFMULT1|NL453232T-561J-PFMULT1||PCBA,GPS EOS ROBUST|TDK||||||||||INDUCTOR,560UH,5%,796KHZ,5%,50MA,1812|NL453232T-561J-PF|no|93|TDK|||||Electronic||1||UseSpecific||EA|
REI-CCA|117167-REV3-REI|3_2|no||||PCBA,GPS EOS ROBUST|TDK||||||||||CAP, AL, 100UF, 50V, 20%, SMD8X10|UUD1H101MNL1GS|no|94|TDK|||||Electronic||1||UseSpecific||EA|
REI-CCA|117167-REV3-REI|3_2|no||||PCBA,GPS EOS ROBUST|TDK||||||||||CAP,120UF,10V,20%,ALUM-POLYMER,SMT|PCJ1A121MCL1GS|no|95|TDK|||||Electronic||1||UseSpecific||EA|
REI-CCA|117167-REV3-REI|3_2|no||||PCBA,GPS EOS ROBUST|TDK||||||||||CAP,220UF,35V,ALUM,20%,SMT|UCL1V221MCL6GS|no|96|TDK|||||Electronic||1||UseSpecific||EA|
REI-CCA|117167-REV3-REI|3_2|no||||PCBA,GPS EOS ROBUST|TDK||||||||||CAP,22UF,50V,20%,ALUM,6.3X5.8MM,SMT|UCD1H220MCL1GS|no|97|TDK|||||Electronic||2||UseSpecific||EA|
REI-CCA|117167-REV3-REI|3_2|no||||PCBA,GPS EOS ROBUST|TDK||||||||||CAP,22UF,50V,20%,ALUM,6.3X5.8MM,SMT|UCD1H220MCL1GS|no|97|TDK|||||Electronic||2||UseSpecific||EA|
REI-CCA|117167-REV3-REI|3_2|no|EEEFK1E471P|EEEFK1E471P||PCBA,GPS EOS ROBUST|Panasonic||||||||||CAP,ELECT,470UF,25V,FK,SMD|EEE-FK1E471P|no|98|Panasonic|||||Electronic||1||UseSpecific||EA|
REI-CCA|117167-REV3-REI|3_2|no|815-ASE-1.843MLCT|815-ASE-1.843MLCT||PCBA,GPS EOS ROBUST|Abracon||||||||||OSCILLATOR,XO,1.8432MHZ,+/-50PPM,3.3V,SM|ASE-1.8432MHZ-LC-T|no|99|Abracon|||||Electronic||1||UseSpecific||EA|
REI-CCA|117167-REV3-REI|3_2|no|815-ASFLMB-12-XY-T|815-ASFLMB-12-XY-T||PCBA,GPS EOS ROBUST|Abracon||||||||||OSCILLATOR,XO,12MHZ,+/-10PPM,15PF,4-QFN|ASFLMB-12.000MHZ-XY-T|no|100|Abracon|||||Electronic||1||UseSpecific||EA|
REI-CCA|117167-REV3-REI|3_2|no||||PCBA,GPS EOS ROBUST|Abracon||||||||||CRYSTAL,20MHZ,+/-20PPM,50-OHM,18PF,SMT|ABM7-20.000MHZ-D2Y-T|no|101|Abracon|||||Electronic||1||UseSpecific||EA|
REI-CCA|117167-REV3-REI|3_2|no||||PCBA,GPS EOS ROBUST|Abracon||||||||||IC,PROCESSOR-SUPERVISOR,3/3.3/5V,3PIN|MCP130T-475I/TT|no|102|Abracon|||||Electronic||1||UseSpecific||EA|
REI-CCA|117167-REV3-REI|3_2|no||||PCBA,GPS EOS ROBUST|Abracon||||||||||PROGRAMMABLE DEVICE,EOS,117167,U4|IREI-07-008-REV3|no|103|Abracon||||3|Electronic||1||UseSpecific||EA|
REI-CCA|117167-REV3-REI|3_2|no||||PCBA,GPS EOS ROBUST|Abracon||||||||||TRANSISTOR,MOSFET,N-CH,60V,1.9A,SOT-23|SI2308BDS-T1-GE3|no|104|Abracon|||||Electronic||6||UseSpecific||EA|
REI-CCA|117167-REV3-REI|3_2|no||||PCBA,GPS EOS ROBUST|Abracon||||||||||TRANSISTOR,MOSFET,N-CH,60V,1.9A,SOT-23|SI2308BDS-T1-GE3|no|104|Abracon|||||Electronic||6||UseSpecific||EA|
REI-CCA|117167-REV3-REI|3_2|no||||PCBA,GPS EOS ROBUST|Abracon||||||||||TRANSISTOR,MOSFET,N-CH,60V,1.9A,SOT-23|SI2308BDS-T1-GE3|no|104|Abracon|||||Electronic||6||UseSpecific||EA|
REI-CCA|117167-REV3-REI|3_2|no|PS2505L-1-F3-A|PS2505L-1-F3-A||PCBA,GPS EOS ROBUST|Renesas||||||||||TRANSISTOR,OPTO,5KV,AC-IN/DC-OUT,4-PDIP|PS2505L-1-F3-A|no|105|Renesas|||||Electronic||2||UseSpecific||EA|
REI-CCA|117167-REV3-REI|3_2|no|PS2505L-1-F3-A|PS2505L-1-F3-A||PCBA,GPS EOS ROBUST|Renesas||||||||||TRANSISTOR,OPTO,5KV,AC-IN/DC-OUT,4-PDIP|PS2505L-1-F3-A|no|105|Renesas|||||Electronic||2||UseSpecific||EA|
REI-CCA|117167-REV3-REI|3_2|no|FPF2700MPX|FPF2700MPX||PCBA,GPS EOS ROBUST|On Semiconductor||||||||||IC,CURRENT-LIMIT,1-IN/1-OUT,2.8-36V,8MLP|FPF2700MPX|no|106|On Semiconductor|||||Electronic||1||UseSpecific||EA|
REI-CCA|117167-REV3-REI|3_2|no|LT3065EDD#PBF|LT3065EDD#PBF||PCBA,GPS EOS ROBUST|Linear Technology||||||||||IC,LDO-REGULATOR,+0.6-40V,0.5A,10-DFN|LT3065EDD#TRPBF|no|107|Linear Technology|||||Electronic||1||UseSpecific||EA|
REI-CCA|117167-REV3-REI|3_2|no|LT3065EDD/CTRPBF|LT3065EDD/CTRPBF||PCBA,GPS EOS ROBUST|Linear Technology||||||||||IC,LDO-REGULATOR,+0.6-40V,0.5A,10-DFN|LT3065EDD#TRPBF|no|108|Linear Technology|||||Electronic||1||UseSpecific||EA|
REI-CCA|117167-REV3-REI|3_2|no||||PCBA,GPS EOS ROBUST|Linear Technology||||||||||IC,SIG=NGLE-TANSMITTER/RECIEVER,8P-VSSOP|SN65HVD3082EDGKR|no|109|Linear Technology|||||Electronic||1||UseSpecific||EA|
REI-CCA|117167-REV3-REI|3_2|no||||PCBA,GPS EOS ROBUST|Linear Technology||||||||||TRANSISTOR,MOSFET,N-CH,30V,0.27A,SC-70|NTS4001NT1G|no|110|Linear Technology|||||Electronic||9||UseSpecific||EA|
REI-CCA|117167-REV3-REI|3_2|no||||PCBA,GPS EOS ROBUST|Linear Technology||||||||||TRANSISTOR,MOSFET,N-CH,30V,0.27A,SC-70|NTS4001NT1G|no|110|Linear Technology|||||Electronic||9||UseSpecific||EA|
REI-CCA|117167-REV3-REI|3_2|no||||PCBA,GPS EOS ROBUST|Linear Technology||||||||||TRANSISTOR,MOSFET,N-CH,30V,0.27A,SC-70|NTS4001NT1G|no|110|Linear Technology|||||Electronic||9||UseSpecific||EA|
REI-CCA|117167-REV3-REI|3_2|no||||PCBA,GPS EOS ROBUST|Linear Technology||||||||||TRANSISTOR,MOSFET,N-CH,30V,0.27A,SC-70|NTS4001NT1G|no|110|Linear Technology|||||Electronic||9||UseSpecific||EA|
REI-CCA|117167-REV3-REI|3_2|no||||PCBA,GPS EOS ROBUST|Linear Technology||||||||||TRANSISTOR,MOSFET,N-CH,30V,0.27A,SC-70|NTS4001NT1G|no|110|Linear Technology|||||Electronic||9||UseSpecific||EA|
REI-CCA|117167-REV3-REI|3_2|no||||PCBA,GPS EOS ROBUST|Linear Technology||||||||||TRANSISTOR,MOSFET,N-CH,30V,0.27A,SC-70|NTS4001NT1G|no|110|Linear Technology|||||Electronic||9||UseSpecific||EA|
REI-CCA|117167-REV3-REI|3_2|no||||PCBA,GPS EOS ROBUST|Linear Technology||||||||||TRANSISTOR,MOSFET,N-CH,30V,0.27A,SC-70|NTS4001NT1G|no|110|Linear Technology|||||Electronic||9||UseSpecific||EA|
REI-CCA|117167-REV3-REI|3_2|no||||PCBA,GPS EOS ROBUST|Linear Technology||||||||||TRANSISTOR,MOSFET,N-CH,30V,0.27A,SC-70|NTS4001NT1G|no|110|Linear Technology|||||Electronic||9||UseSpecific||EA|
REI-CCA|117167-REV3-REI|3_2|no||||PCBA,GPS EOS ROBUST|Linear Technology||||||||||TRANSISTOR,MOSFET,P-CH,20V,1.37A,3-SC-70|NTS4101PT1G|no|111|Linear Technology|||||Electronic||1||UseSpecific||EA|
REI-CCA|117167-REV3-REI|3_2|no|TPS54240DGQR|TPS54240DGQR||PCBA,GPS EOS ROBUST|Texas Instruments||||||||||IC,DC/DC-CONVERTER,3.5-42V,S-DOWN,2.5A|TPS54240DGQ|no|112|Texas Instruments|||||Electronic||1||UseSpecific||EA|
REI-CCA|117167-REV3-REI|3_2|no|OPA564AIDWPRMULT1|OPA564AIDWPRMULT1||PCBA,GPS EOS ROBUST|Texas Instruments||||||||||IC,OP-AMP,SINGLE,+/-12/24V,20-HSOP|OPA564AIDWPR|no|113|Texas Instruments|||||Electronic||1||UseSpecific||EA|
REI-CCA|117167-REV3-REI|3_2|no|AP7331-33WG-7MULT1|AP7331-33WG-7MULT1||PCBA,GPS EOS ROBUST|Diodes, Inc.||||||||||IC,LDO-REGULATOR,+3.3V,0.3A,5-SOT-25|AP7331-33WG-7|no|114|Diodes, Inc.|||||Electronic||1||UseSpecific||EA|
REI-CCA|117167-REV3-REI|3_2|no|SC16IS741AIPW|SC16IS741AIPW||PCBA,GPS EOS ROBUST|NXP Semiconductor||||||||||IC,UART,1CH,64BYTE,FIFO,2.5/3.3V,16TSSOP|SC16IS741AIPWJ|no|115|NXP Semiconductor|||||Electronic||1||UseSpecific||EA|
REI-CCA|117167-REV3-REI|3_2|no|SC16IS741AIPWJMULT1|SC16IS741AIPWJMULT1||PCBA,GPS EOS ROBUST|NXP Semiconductor||||||||||IC,UART,1CH,64BYTE,FIFO,2.5/3.3V,16TSSOP|SC16IS741AIPWJ|no|116|NXP Semiconductor|||||Electronic||1||UseSpecific||EA|
REI-CCA|117167-REV3-REI|3_2|no|SN74LVC1T45DCKR|SN74LVC1T45DCKR||PCBA,GPS EOS ROBUST|Texas Instruments||||||||||IC,VOLT-LEVEL-TRANSLATOR,6P-SC-70|74LVC1T45DCKR|no|117|Texas Instruments|||||Electronic||2||UseSpecific||EA|
REI-CCA|117167-REV3-REI|3_2|no|SN74LVC1T45DCKR|SN74LVC1T45DCKR||PCBA,GPS EOS ROBUST|Texas Instruments||||||||||IC,VOLT-LEVEL-TRANSLATOR,6P-SC-70|74LVC1T45DCKR|no|117|Texas Instruments|||||Electronic||2||UseSpecific||EA|
REI-CCA|117167-REV3-REI|3_2|no|SN74LVC1T45DCKRMULT1|SN74LVC1T45DCKRMULT1||PCBA,GPS EOS ROBUST|Texas Instruments||||||||||IC,VOLT-LEVEL-TRANSLATOR,6P-SC-70|74LVC1T45DCKR|no|118|Texas Instruments|||||Electronic||2||UseSpecific||EA|
REI-CCA|117167-REV3-REI|3_2|no|SN74LVC1T45DCKRMULT1|SN74LVC1T45DCKRMULT1||PCBA,GPS EOS ROBUST|Texas Instruments||||||||||IC,VOLT-LEVEL-TRANSLATOR,6P-SC-70|74LVC1T45DCKR|no|118|Texas Instruments|||||Electronic||2||UseSpecific||EA|
REI-CCA|117167-REV3-REI|3_2|no|TPS7A6633QDGNRQ1MULT1|TPS7A6633QDGNRQ1MULT1||PCBA,GPS EOS ROBUST|Texas Instruments||||||||||IC,LSO-REGULATOR,+3.3V,0.15A,8P-HVSSOP|TPS7A6633QDGNRQ1|no|119|Texas Instruments|||||Electronic||1||UseSpecific||EA|
REI-CCA|117167-REV3-REI|3_2|no|TCA9406DCURMULT1|TCA9406DCURMULT1||PCBA,GPS EOS ROBUST|Texas Instruments||||||||||IC,VOLT-LEVEL-TRANSLATE,8-VFSOP|TCA9406DCUR|no|120|Texas Instruments|||||Electronic||2||UseSpecific||EA|
REI-CCA|117167-REV3-REI|3_2|no|TCA9406DCURMULT1|TCA9406DCURMULT1||PCBA,GPS EOS ROBUST|Texas Instruments||||||||||IC,VOLT-LEVEL-TRANSLATE,8-VFSOP|TCA9406DCUR|no|120|Texas Instruments|||||Electronic||2||UseSpecific||EA|
REI-CCA|117167-REV3-REI|3_2|no||||PCBA,GPS EOS ROBUST|Texas Instruments||||||||||PROGRAMMABLE DEVICE,117167,U11,FLASH|IREI-07-009-NOREV|no|121|Texas Instruments||||-|Electronic||1||UseSpecific||EA|
REI-CCA|117167-REV3-REI|3_2|no|595-TPD1E10B06DPYR|595-TPD1E10B06DPYR||PCBA,GPS EOS ROBUST|Texas Instruments||||||||||ESD-SUPPRESSOR,TVS,5.5V,2PIN,SMT|TPD1E10B06|no|122|Texas Instruments|||||Electronic||5||UseSpecific||EA|
REI-CCA|117167-REV3-REI|3_2|no|595-TPD1E10B06DPYR|595-TPD1E10B06DPYR||PCBA,GPS EOS ROBUST|Texas Instruments||||||||||ESD-SUPPRESSOR,TVS,5.5V,2PIN,SMT|TPD1E10B06|no|122|Texas Instruments|||||Electronic||5||UseSpecific||EA|
REI-CCA|117167-REV3-REI|3_2|no|595-TPD1E10B06DPYR|595-TPD1E10B06DPYR||PCBA,GPS EOS ROBUST|Texas Instruments||||||||||ESD-SUPPRESSOR,TVS,5.5V,2PIN,SMT|TPD1E10B06|no|122|Texas Instruments|||||Electronic||5||UseSpecific||EA|
REI-CCA|117167-REV3-REI|3_2|no|TPD1E10B06DPYR|TPD1E10B06DPYR||PCBA,GPS EOS ROBUST|Texas Instruments||||||||||ESD-SUPPRESSOR,TVS,5.5V,2PIN,SMT|TPD1E10B06|no|123|Texas Instruments|||||Electronic||5||UseSpecific||EA|
REI-CCA|117167-REV3-REI|3_2|no|TPD1E10B06DPYR|TPD1E10B06DPYR||PCBA,GPS EOS ROBUST|Texas Instruments||||||||||ESD-SUPPRESSOR,TVS,5.5V,2PIN,SMT|TPD1E10B06|no|123|Texas Instruments|||||Electronic||5||UseSpecific||EA|
REI-CCA|117167-REV3-REI|3_2|no|TPD1E10B06DPYR|TPD1E10B06DPYR||PCBA,GPS EOS ROBUST|Texas Instruments||||||||||ESD-SUPPRESSOR,TVS,5.5V,2PIN,SMT|TPD1E10B06|no|123|Texas Instruments|||||Electronic||5||UseSpecific||EA|
REI-CCA|117167-REV3-REI|3_2|no|MAX202IPWR|MAX202IPWR||PCBA,GPS EOS ROBUST|Texas Instruments||||||||||IC,DUAL-TRANSMIT/RECEIVER,RS-232,16TSSOP|MAX202IPW|no|124|Texas Instruments|||||Electronic||1||UseSpecific||EA|
REI-CCA|117167-REV3-REI|3_2|no|SM2400AMQEQY|SM2400AMQEQY||PCBA,GPS EOS ROBUST|Adesto Technologies||||||||||IC,NARROW,TRANSCEIVER,3.3V,64-LQFP|SM2400A-MQEQ-Y|no|125|Adesto Technologies|||||Electronic||1||UseSpecific||EA|
REI-CCA|117167-REV3-REI|3_2|no||||PCBA,GPS EOS ROBUST|Adesto Technologies||||||||||DIODE,TVS,SINGLE,13V,600W,2PIN SMT|SMBJ13A-13-F|no|126|Adesto Technologies|||||Electronic||2||UseSpecific||EA|
REI-CCA|117167-REV3-REI|3_2|no||||PCBA,GPS EOS ROBUST|Adesto Technologies||||||||||DIODE,TVS,SINGLE,13V,600W,2PIN SMT|SMBJ13A-13-F|no|126|Adesto Technologies|||||Electronic||2||UseSpecific||EA|
REI-CCA|117167-REV3-REI|3_2|no||||PCBA,GPS EOS ROBUST|Adesto Technologies||||||||||ESD-SUPPRESSOR,TVS,15V,2PIN,SOD-323|CDSOD323-T15C|no|127|Adesto Technologies|||||Electronic||6||UseSpecific||EA|
REI-CCA|117167-REV3-REI|3_2|no||||PCBA,GPS EOS ROBUST|Adesto Technologies||||||||||ESD-SUPPRESSOR,TVS,15V,2PIN,SOD-323|CDSOD323-T15C|no|127|Adesto Technologies|||||Electronic||6||UseSpecific||EA|
REI-CCA|117167-REV3-REI|3_2|no||||PCBA,GPS EOS ROBUST|Adesto Technologies||||||||||ESD-SUPPRESSOR,TVS,15V,2PIN,SOD-323|CDSOD323-T15C|no|127|Adesto Technologies|||||Electronic||6||UseSpecific||EA|
REI-CCA|117167-REV3-REI|3_2|no||||PCBA,GPS EOS ROBUST|Adesto Technologies||||||||||DIODE,SCHOTTKY,40V,0.5A,2PIN,SOD-123|MBR0540-TP|no|128|Adesto Technologies|||||Electronic||6||UseSpecific||EA|
REI-CCA|117167-REV3-REI|3_2|no||||PCBA,GPS EOS ROBUST|Adesto Technologies||||||||||DIODE,SCHOTTKY,40V,0.5A,2PIN,SOD-123|MBR0540-TP|no|128|Adesto Technologies|||||Electronic||6||UseSpecific||EA|
REI-CCA|117167-REV3-REI|3_2|no||||PCBA,GPS EOS ROBUST|Adesto Technologies||||||||||DIODE,SCHOTTKY,40V,0.5A,2PIN,SOD-123|MBR0540-TP|no|128|Adesto Technologies|||||Electronic||6||UseSpecific||EA|
REI-CCA|117167-REV3-REI|3_2|no||||PCBA,GPS EOS ROBUST|Adesto Technologies||||||||||DIODE,SCHOTTKY,40V,0.5A,2PIN,SOD-123|MBR0540-TP|no|128|Adesto Technologies|||||Electronic||6||UseSpecific||EA|
REI-CCA|117167-REV3-REI|3_2|no||||PCBA,GPS EOS ROBUST|Adesto Technologies||||||||||DIODE,SCHOTTKY,40V,0.5A,2PIN,SOD-123|MBR0540-TP|no|128|Adesto Technologies|||||Electronic||6||UseSpecific||EA|
REI-CCA|117167-REV3-REI|3_2|no||||PCBA,GPS EOS ROBUST|Adesto Technologies||||||||||DIODE,SCHOTTKY,40V,0.5A,2PIN,SOD-123|MBR0540-TP|no|128|Adesto Technologies|||||Electronic||6||UseSpecific||EA|
REI-CCA|117167-REV3-REI|3_2|no||||PCBA,GPS EOS ROBUST|Adesto Technologies||||||||||DIODE,SCHOTTKY,50V,2A,2PIN,SMT|B250A-13-F|no|129|Adesto Technologies|||||Electronic||1||UseSpecific||EA|
REI-CCA|117167-REV3-REI|3_2|no||||PCBA,GPS EOS ROBUST|Adesto Technologies||||||||||DIODE,SCHOTTKY,8V,0.13A,3P,SOT-323|BAT6804WH6327XTSA1|no|130|Adesto Technologies|||||Electronic||1||UseSpecific||EA|
REI-CCA|117167-REV3-REI|3_2|no|576-SMBJ6.5CA|576-SMBJ6.5CA||PCBA,GPS EOS ROBUST|Littelfuse||||||||||DIODE,TVS,BI-DIR,6.5V,600W,2PIN,SMT|SMBJ6.5CA|no|131|Littelfuse|||||Electronic||1||UseSpecific||EA|
REI-CCA|117167-REV3-REI|3_2|no|TSM-106-01-T-SV-P-TR|TSM-106-01-T-SV-P-TR||PCBA,GPS EOS ROBUST|Samtec||||||||||CONN,HEADER,6PIN,1ROW,2.54MM,UNSHRD,SMT|TSM-106-01-T-SV-TR|no|132|Samtec|||||Electronic||1||UseSpecific||EA|
REI-CCA|117167-REV3-REI|3_2|no|TSM10601TSVTR|TSM10601TSVTR||PCBA,GPS EOS ROBUST|Samtec||||||||||CONN,HEADER,6PIN,1ROW,2.54MM,UNSHRD,SMT|TSM-106-01-T-SV-TR|no|133|Samtec|||||Electronic||1||UseSpecific||EA|
REI-CCA|117167-REV3-REI|3_2|no||||PCBA,GPS EOS ROBUST|Samtec||||||||||SWITCH,DIP,SPST,OFF/ON,7SEG,24VDC,SMT|SDA07H0SBR|no|134|Samtec|||||Electronic||1||UseSpecific||EA|
REI-CCA|117167-REV3-REI|3_2|no|95CW06D3GWRT|95CW06D3GWRT||PCBA,GPS EOS ROBUST|Gray Hill||||||||||SWITCH,TACTILE,SPST,BUTTON,12VDC,SMT|95CW06D3GWT|no|135|Gray Hill|||||Electronic||3||UseSpecific||EA|
REI-CCA|117167-REV3-REI|3_2|no|95CW06D3GWRT|95CW06D3GWRT||PCBA,GPS EOS ROBUST|Gray Hill||||||||||SWITCH,TACTILE,SPST,BUTTON,12VDC,SMT|95CW06D3GWT|no|135|Gray Hill|||||Electronic||3||UseSpecific||EA|
REI-CCA|117167-REV3-REI|3_2|no|95CW06D3GWRT|95CW06D3GWRT||PCBA,GPS EOS ROBUST|Gray Hill||||||||||SWITCH,TACTILE,SPST,BUTTON,12VDC,SMT|95CW06D3GWT|no|135|Gray Hill|||||Electronic||3||UseSpecific||EA|
REI-CCA|117167-REV3-REI|3_2|no||||PCBA,GPS EOS ROBUST|Gray Hill||||||||||LED,RED,645NM,400MCD,5V,TOP-MNT,120-DEG|APHHS1005SURCK|no|136|Gray Hill|||||Electronic||9||UseSpecific||EA|
REI-CCA|117167-REV3-REI|3_2|no||||PCBA,GPS EOS ROBUST|Gray Hill||||||||||LED,RED,645NM,400MCD,5V,TOP-MNT,120-DEG|APHHS1005SURCK|no|136|Gray Hill|||||Electronic||9||UseSpecific||EA|
REI-CCA|117167-REV3-REI|3_2|no||||PCBA,GPS EOS ROBUST|Gray Hill||||||||||LED,RED,645NM,400MCD,5V,TOP-MNT,120-DEG|APHHS1005SURCK|no|136|Gray Hill|||||Electronic||9||UseSpecific||EA|
REI-CCA|117167-REV3-REI|3_2|no||||PCBA,GPS EOS ROBUST|Gray Hill||||||||||LED,RED,645NM,400MCD,5V,TOP-MNT,120-DEG|APHHS1005SURCK|no|136|Gray Hill|||||Electronic||9||UseSpecific||EA|
REI-CCA|117167-REV3-REI|3_2|no||||PCBA,GPS EOS ROBUST|Gray Hill||||||||||LED,RED,645NM,400MCD,5V,TOP-MNT,120-DEG|APHHS1005SURCK|no|136|Gray Hill|||||Electronic||9||UseSpecific||EA|
REI-CCA|117167-REV3-REI|3_2|no||||PCBA,GPS EOS ROBUST|Gray Hill||||||||||LED,RED,645NM,400MCD,5V,TOP-MNT,120-DEG|APHHS1005SURCK|no|136|Gray Hill|||||Electronic||9||UseSpecific||EA|
REI-CCA|117167-REV3-REI|3_2|no||||PCBA,GPS EOS ROBUST|Gray Hill||||||||||LED,RED,645NM,400MCD,5V,TOP-MNT,120-DEG|APHHS1005SURCK|no|136|Gray Hill|||||Electronic||9||UseSpecific||EA|
REI-CCA|117167-REV3-REI|3_2|no||||PCBA,GPS EOS ROBUST|Gray Hill||||||||||LED,GREEN,CLR,515NM,450MCD,3.3V,0402|APHHS1005ZGC|no|137|Gray Hill|||||Electronic||2||UseSpecific||EA|
REI-CCA|117167-REV3-REI|3_2|no||||PCBA,GPS EOS ROBUST|Gray Hill||||||||||LED,GREEN,CLR,515NM,450MCD,3.3V,0402|APHHS1005ZGC|no|137|Gray Hill|||||Electronic||2||UseSpecific||EA|
REI-CCA|117167-REV3-REI|3_2|no|PHE840MB6100MB05R17T0|PHE840MB6100MB05R17T0||PCBA,GPS EOS ROBUST|Kemet||||||||||TH RAD 0.1UF 275V 20%|PHE840MB6100MB05R17|no|138|Kemet|||||Electronic||1||UseSpecific||EA|
REI-CCA|117167-REV3-REI|3_2|no|EVO PHE840MX6220MB06R17|EVO PHE840MX6220MB06R17||PCBA,GPS EOS ROBUST|Kemet||||||||||CAP,0.22UF,760VDC/275VAC,PP,FILM,15MM,TH|PHE840MX6220MB06R17|no|139|Kemet|||||Electronic||1||UseSpecific||EA|
REI-CCA|117167-REV3-REI|3_2|no|EVOPHE840MX6220MB06R17|EVOPHE840MX6220MB06R17||PCBA,GPS EOS ROBUST|Kemet||||||||||CAP,0.22UF,760VDC/275VAC,PP,FILM,15MM,TH|PHE840MX6220MB06R17|no|140|Kemet|||||Electronic||1||UseSpecific||EA|
REI-CCA|117167-REV3-REI|3_2|no|PHE840MX6220MB06R17T0|PHE840MX6220MB06R17T0||PCBA,GPS EOS ROBUST|Kemet||||||||||CAP,0.22UF,760VDC/275VAC,PP,FILM,15MM,TH|PHE840MX6220MB06R17|no|141|Kemet|||||Electronic||1||UseSpecific||EA|
REI-CCA|117167-REV3-REI|3_2|no|3N1RCR875DNP-151K 100|3N1RCR875DNP-151K 100||PCBA,GPS EOS ROBUST|Sumida||||||||||INDUCTOR,POWER,150UH,10%,1KHZ,600MA,THT|RCR875DNP-151K|no|142|Sumida|||||Electronic||2||UseSpecific||EA|
REI-CCA|117167-REV3-REI|3_2|no|3N1RCR875DNP-151K 100|3N1RCR875DNP-151K 100||PCBA,GPS EOS ROBUST|Sumida||||||||||INDUCTOR,POWER,150UH,10%,1KHZ,600MA,THT|RCR875DNP-151K|no|142|Sumida|||||Electronic||2||UseSpecific||EA|
REI-CCA|117167-REV3-REI|3_2|no|LTF V150LA20CP|LTF V150LA20CP||PCBA,GPS EOS ROBUST|Littelfuse||||||||||VARISTOR,MOV,150VAC,9KA,268V(SEE NOTES)|V150LA20CP|no|143|Littelfuse|||||Electronic||2||UseSpecific||EA|
REI-CCA|117167-REV3-REI|3_2|no|LTF V150LA20CP|LTF V150LA20CP||PCBA,GPS EOS ROBUST|Littelfuse||||||||||VARISTOR,MOV,150VAC,9KA,268V(SEE NOTES)|V150LA20CP|no|143|Littelfuse|||||Electronic||2||UseSpecific||EA|
REI-CCA|117167-REV3-REI|3_2|no|LTFV150LA20CP|LTFV150LA20CP||PCBA,GPS EOS ROBUST|Littelfuse||||||||||VARISTOR,MOV,150VAC,9KA,268V(SEE NOTES)|V150LA20CP|no|144|Littelfuse|||||Electronic||2||UseSpecific||EA|
REI-CCA|117167-REV3-REI|3_2|no|LTFV150LA20CP|LTFV150LA20CP||PCBA,GPS EOS ROBUST|Littelfuse||||||||||VARISTOR,MOV,150VAC,9KA,268V(SEE NOTES)|V150LA20CP|no|144|Littelfuse|||||Electronic||2||UseSpecific||EA|
REI-CCA|117167-REV3-REI|3_2|no|RAC10-15SC/277PT-INT|RAC10-15SC/277PT-INT||PCBA,GPS EOS ROBUST|Recom Power||||||||||POWERSUPPLY,AC/DC,1-OUT,15V,0.67A,10W,4P|RAC10-15SC/277|no|145|Recom Power|||||Electronic||1||UseSpecific||EA|
REI-CCA|117167-REV3-REI|3_2|no|MUR NTPAA100LDNB0|MUR NTPAA100LDNB0||PCBA,GPS EOS ROBUST|Murata-Erie||||||||||THERMISTOR,NTC,10R0,15%,2PIN,RAD,THT|NTPAA100LDNB0|no|146|Murata-Erie|||||Electronic||1||UseSpecific||EA|
REI-CCA|117167-REV3-REI|3_2|no|MURNTPAA100LDNB0|MURNTPAA100LDNB0||PCBA,GPS EOS ROBUST|Murata-Erie||||||||||THERMISTOR,NTC,10R0,15%,2PIN,RAD,THT|NTPAA100LDNB0|no|147|Murata-Erie|||||Electronic||1||UseSpecific||EA|
REI-CCA|117167-REV3-REI|3_2|no||||PCBA,GPS EOS ROBUST|Murata-Erie||||||||||TRANSFORMER,PULSE,870UH,1.307:1,THT|750510476|no|148|Murata-Erie|||||Electronic||1||UseSpecific||EA|
REI-CCA|117167-REV3-REI|3_2|no|TSW10307GS|TSW10307GS||PCBA,GPS EOS ROBUST|Samtec||||||||||CONN,HEADER,3 POS,S-ROW,GOLD,THT,2.54MM|TSW-103-07-G-S|no|149|Samtec|||||Electronic||2||UseSpecific||EA|
REI-CCA|117167-REV3-REI|3_2|no|TSW10307GS|TSW10307GS||PCBA,GPS EOS ROBUST|Samtec||||||||||CONN,HEADER,3 POS,S-ROW,GOLD,THT,2.54MM|TSW-103-07-G-S|no|149|Samtec|||||Electronic||2||UseSpecific||EA|
REI-CCA|117167-REV3-REI|3_2|no||||PCBA,GPS EOS ROBUST|Samtec||||||||||CONN,HEADER,5PIN,1ROW,2.54MM,MALE,THT|TSW-105-07-F-S|no|150|Samtec|||||Electronic||1||UseSpecific||EA|
REI-CCA|117167-REV3-REI|3_2|no||||PCBA,GPS EOS ROBUST|Samtec||||||||||TERM BLOCK HEADER  5 POS. 5MM CTR. (PHOE|1755545|no|151|Samtec|||||Electronic||1||UseSpecific||EA|
REI-CCA|117167-REV3-REI|3_2|no|PHX 1757585|PHX 1757585||PCBA,GPS EOS ROBUST|Phoenix Contact||||||||||CONN,HEADER,14POS,1ROW,5.0MM,R/A,THT|1757585|no|152|Phoenix Contact|||||Electronic||1||UseSpecific||EA|
REI-CCA|117167-REV3-REI|3_2|no|PHX1757585|PHX1757585||PCBA,GPS EOS ROBUST|Phoenix Contact||||||||||CONN,HEADER,14POS,1ROW,5.0MM,R/A,THT|1757585|no|153|Phoenix Contact|||||Electronic||1||UseSpecific||EA|
REI-CCA|117167-REV3-REI|3_2|no||||PCBA,GPS EOS ROBUST|Phoenix Contact||||||||||FUSE-HOLDER,1P,6.3A,250V,4.3MM,TR5/TE5|56000001009|no|154|Phoenix Contact|||||Electronic||1||UseSpecific||EA|
REI-CCA|117167-REV3-REI|3_2|no|TYC 5-534206-7|TYC 5-534206-7||PCBA,GPS EOS ROBUST|TE Connectivity Ltd||||||||||CONN,HEADER,14POS,2ROW,2.54MM,THT|5-534206-7|no|155|TE Connectivity Ltd|||||Electronic||1||UseSpecific||EA|
REI-CCA|117167-REV3-REI|3_2|no|TYC5-534206-7|TYC5-534206-7||PCBA,GPS EOS ROBUST|TE Connectivity Ltd||||||||||CONN,HEADER,14POS,2ROW,2.54MM,THT|5-534206-7|no|156|TE Connectivity Ltd|||||Electronic||1||UseSpecific||EA|
REI-CCA|117167-REV3-REI|3_2|no|AMP 640456-4|AMP 640456-4||PCBA,GPS EOS ROBUST|Amp||||||||||HEADER,4 PIN,0.1,FRICTION LOCK,POLARIZE|640456-4|no|157|Amp|||||Electronic||1||UseSpecific||EA|
REI-CCA|117167-REV3-REI|3_2|no|NO SUBS ALLOWED|NO SUBS ALLOWED||PCBA,GPS EOS ROBUST|NO SUBS ALLOWED||||||||||HEADER,4 PIN,0.1,FRICTION LOCK,POLARIZE|640456-4|no|158|NO SUBS ALLOWED|||||Electronic||1||UseSpecific||EA|
REI-CCA|117167-REV3-REI|3_2|no|640456-4|640456-4||PCBA,GPS EOS ROBUST|TE Connectivity Ltd||||||||||HEADER,4 PIN,0.1,FRICTION LOCK,POLARIZE|640456-4|no|159|TE Connectivity Ltd|||||Electronic||1||UseSpecific||EA|
REI-CCA|117167-REV3-REI|3_2|no|AMP 640456-4|AMP 640456-4||PCBA,GPS EOS ROBUST|TE Connectivity Ltd||||||||||HEADER,4 PIN,0.1,FRICTION LOCK,POLARIZE|640456-4|no|160|TE Connectivity Ltd|||||Electronic||1||UseSpecific||EA|
REI-CCA|117167-REV3-REI|3_2|no|1-640456-0|1-640456-0||PCBA,GPS EOS ROBUST|TE Connectivity Ltd||||||||||PIN HEADER  STRAIGHT 10-PIN  SINGLE ROW|1-640456-0|no|161|TE Connectivity Ltd|||||Electronic||1||UseSpecific||EA|
REI-CCA|117167-REV3-REI|3_2|no|AMP 1-640456-0|AMP 1-640456-0||PCBA,GPS EOS ROBUST|TE Connectivity Ltd||||||||||PIN HEADER  STRAIGHT 10-PIN  SINGLE ROW|1-640456-0|no|162|TE Connectivity Ltd|||||Electronic||1||UseSpecific||EA|
REI-CCA|117167-REV3-REI|3_2|no|AMP 1-640456-0|AMP 1-640456-0||PCBA,GPS EOS ROBUST|Tyco||||||||||PIN HEADER  STRAIGHT 10-PIN  SINGLE ROW|1-640456-0|no|163|Tyco|||||Electronic||1||UseSpecific||EA|
REI-CCA|117167-REV3-REI|3_2|no|G6D-1A-ASI DC12|G6D-1A-ASI DC12||PCBA,GPS EOS ROBUST|Omron||||||||||RELAY,NON-LATCH,SPST,12V,5A,SEALED,THT|G6D-1A-ASI-DC12|no|164|Omron|||||Electronic||2||UseSpecific||EA|
REI-CCA|117167-REV3-REI|3_2|no|G6D-1A-ASI DC12|G6D-1A-ASI DC12||PCBA,GPS EOS ROBUST|Omron||||||||||RELAY,NON-LATCH,SPST,12V,5A,SEALED,THT|G6D-1A-ASI-DC12|no|164|Omron|||||Electronic||2||UseSpecific||EA|
REI-CCA|117167-REV3-REI|3_2|no|G6D-1A-ASI DC12PT-DUC|G6D-1A-ASI DC12PT-DUC||PCBA,GPS EOS ROBUST|Omron||||||||||RELAY,NON-LATCH,SPST,12V,5A,SEALED,THT|G6D-1A-ASI-DC12|no|165|Omron|||||Electronic||2||UseSpecific||EA|
REI-CCA|117167-REV3-REI|3_2|no|G6D-1A-ASI DC12PT-DUC|G6D-1A-ASI DC12PT-DUC||PCBA,GPS EOS ROBUST|Omron||||||||||RELAY,NON-LATCH,SPST,12V,5A,SEALED,THT|G6D-1A-ASI-DC12|no|165|Omron|||||Electronic||2||UseSpecific||EA|
REI-CCA|117167-REV3-REI|3_2|no|OMN G6D-1A-ASI-DC12|OMN G6D-1A-ASI-DC12||PCBA,GPS EOS ROBUST|Omron||||||||||RELAY,NON-LATCH,SPST,12V,5A,SEALED,THT|G6D-1A-ASI-DC12|no|166|Omron|||||Electronic||2||UseSpecific||EA|
REI-CCA|117167-REV3-REI|3_2|no|OMN G6D-1A-ASI-DC12|OMN G6D-1A-ASI-DC12||PCBA,GPS EOS ROBUST|Omron||||||||||RELAY,NON-LATCH,SPST,12V,5A,SEALED,THT|G6D-1A-ASI-DC12|no|166|Omron|||||Electronic||2||UseSpecific||EA|
REI-CCA|117167-REV3-REI|3_2|no|OMNG6D-1A-ASI-DC12|OMNG6D-1A-ASI-DC12||PCBA,GPS EOS ROBUST|Omron||||||||||RELAY,NON-LATCH,SPST,12V,5A,SEALED,THT|G6D-1A-ASI-DC12|no|167|Omron|||||Electronic||2||UseSpecific||EA|
REI-CCA|117167-REV3-REI|3_2|no|OMNG6D-1A-ASI-DC12|OMNG6D-1A-ASI-DC12||PCBA,GPS EOS ROBUST|Omron||||||||||RELAY,NON-LATCH,SPST,12V,5A,SEALED,THT|G6D-1A-ASI-DC12|no|167|Omron|||||Electronic||2||UseSpecific||EA|
REI-CCA|117167-REV3-REI|3_2|no|OMR G6D1AASIDC12|OMR G6D1AASIDC12||PCBA,GPS EOS ROBUST|Omron||||||||||RELAY,NON-LATCH,SPST,12V,5A,SEALED,THT|G6D-1A-ASI-DC12|no|168|Omron|||||Electronic||2||UseSpecific||EA|
REI-CCA|117167-REV3-REI|3_2|no|OMR G6D1AASIDC12|OMR G6D1AASIDC12||PCBA,GPS EOS ROBUST|Omron||||||||||RELAY,NON-LATCH,SPST,12V,5A,SEALED,THT|G6D-1A-ASI-DC12|no|168|Omron|||||Electronic||2||UseSpecific||EA|
REI-CCA|117167-REV3-REI|3_2|no|OMRG6D1AASIDC12|OMRG6D1AASIDC12||PCBA,GPS EOS ROBUST|Omron||||||||||RELAY,NON-LATCH,SPST,12V,5A,SEALED,THT|G6D-1A-ASI-DC12|no|169|Omron|||||Electronic||2||UseSpecific||EA|
REI-CCA|117167-REV3-REI|3_2|no|OMRG6D1AASIDC12|OMRG6D1AASIDC12||PCBA,GPS EOS ROBUST|Omron||||||||||RELAY,NON-LATCH,SPST,12V,5A,SEALED,THT|G6D-1A-ASI-DC12|no|169|Omron|||||Electronic||2||UseSpecific||EA|
REI-CCA|117167-REV3-REI|3_2|no|1-1393243-7|1-1393243-7||PCBA,GPS EOS ROBUST|TE Connectivity Ltd||||||||||RELAY,DPDT,120VAC,6.5K-OHM,4A,PWR,THT|G2R-24-AC120|no|170|TE Connectivity Ltd|||||Electronic||1||UseSpecific||EA|
REI-CCA|117167-REV3-REI|3_2|no|RTE24615|RTE24615||PCBA,GPS EOS ROBUST|TE Connectivity Ltd||||||||||RELAY,DPDT,120VAC,6.5K-OHM,4A,PWR,THT|G2R-24-AC120|no|171|TE Connectivity Ltd|||||Electronic||1||UseSpecific||EA|
REI-CCA|117167-REV3-REI|3_2|no|TYC 1-1393243-7|TYC 1-1393243-7||PCBA,GPS EOS ROBUST|TE Connectivity Ltd||||||||||RELAY,DPDT,120VAC,6.5K-OHM,4A,PWR,THT|G2R-24-AC120|no|172|TE Connectivity Ltd|||||Electronic||1||UseSpecific||EA|
REI-CCA|117167-REV3-REI|3_2|no|TYC1-1393243-7|TYC1-1393243-7||PCBA,GPS EOS ROBUST|TE Connectivity Ltd||||||||||RELAY,DPDT,120VAC,6.5K-OHM,4A,PWR,THT|G2R-24-AC120|no|173|TE Connectivity Ltd|||||Electronic||1||UseSpecific||EA|
REI-CCA|117167-REV3-REI|3_2|no|38214000410|38214000410||PCBA,GPS EOS ROBUST|Littelfuse||||||||||FUSE,SLOW-BLOW,4A,250V,8.5MM,RADIAL,LEAD|38214000430|no|174|Littelfuse|||||Electronic||1||UseSpecific||EA|
REI-CCA|117167-REV3-REI|3_2|no|668-NC-S0802XRYNS|668-NC-S0802XRYNS||PCBA,GPS EOS ROBUST|Microtips Technology||||||||||DISPLAY,LCD,CHARACTER,STN-REFLECT,8CHAR|NMTC-S0802XRYHS-10|no|175|Microtips Technology|||||Electronic||1||UseSpecific||EA|
REI-CCA|117167-REV3-REI|3_2|no|NMTC-S0802XRYHS-13|NMTC-S0802XRYHS-13||PCBA,GPS EOS ROBUST|Microtips Technology||||||||||DISPLAY,LCD,CHARACTER,STN-REFLECT,8CHAR|NMTC-S0802XRYHS-10|no|176|Microtips Technology|||||Electronic||1||UseSpecific||EA|
REI-CCA|117167-REV3-REI|3_2|no||||PCBA,GPS EOS ROBUST|Microtips Technology||||||||||SCREW,PAN-PHIL,2-56,0.312LG,K,U,XX,X,XX|GP2-56X5/16KUXXXXX|no|177|Microtips Technology|||||Generic||8||UseSpecific||EA|
REI-CCA|117167-REV3-REI|3_2|no||||PCBA,GPS EOS ROBUST|Microtips Technology||||||||||SCREW,PAN-PHIL,2-56,0.312LG,K,U,XX,X,XX|GP2-56X5/16KUXXXXX|no|177|Microtips Technology|||||Generic||8||UseSpecific||EA|
REI-CCA|117167-REV3-REI|3_2|no||||PCBA,GPS EOS ROBUST|Microtips Technology||||||||||STANDOFF,HEX,3/16"D,2.56X1/2"L,ALUM,CLR|2057-256-AL-7|no|178|Microtips Technology|||||Electronic||4||UseSpecific||EA|
REI-CCA|117167-REV3-REI|3_2|no||||PCBA,GPS EOS ROBUST|Microtips Technology||||||||||STANDOFF,HEX,3/16"D,2.56X1/2"L,ALUM,CLR|2057-256-AL-7|no|178|Microtips Technology|||||Electronic||4||UseSpecific||EA|
REI-CCA|117167-REV3-REI|3_2|no|TSW-107-14-G-D|TSW-107-14-G-D||PCBA,GPS EOS ROBUST|Samtec||||||||||CONN,HEADER,14PIN,2ROW,2.54MM,MALE,THT|TSW-107-14-L-D|no|179|Samtec|||||Electronic||1||UseSpecific||EA|
REI-CCA|117167-REV3-REI|3_2|no|AKSNT/Z BLACK|AKSNT/Z BLACK||PCBA,GPS EOS ROBUST|Assman Electronics||||||||||CONN,SHUNT,2POS,2.54MM,FEM,BLACK|AKSNT/Z-BLACK|no|180|Assman Electronics|||||Electronic||2||UseSpecific||EA|
REI-CCA|117167-REV3-REI|3_2|no|AKSNT/Z BLACK|AKSNT/Z BLACK||PCBA,GPS EOS ROBUST|Assmann WSW Componen||||||||||CONN,SHUNT,2POS,2.54MM,FEM,BLACK|AKSNT/Z-BLACK|no|181|Assmann WSW Componen|||||Electronic||2||UseSpecific||EA|
REI-CCA|117167-REV3-REI|3_2|no|AKSNT/Z-BLACK|AKSNT/Z-BLACK||PCBA,GPS EOS ROBUST|Assmann WSW Componen||||||||||CONN,SHUNT,2POS,2.54MM,FEM,BLACK|AKSNT/Z-BLACK|no|182|Assmann WSW Componen|||||Electronic||2||UseSpecific||EA|
REI-CCA|117167-REV3-REI|3_2|no||||PCBA,GPS EOS ROBUST|Assmann WSW Componen||||||||||LOCKWASHER,SPLIT,0.091 ID,0.172 OD,K,U|LW2KUXXXXX|no|183|Assmann WSW Componen|||||Generic||8||UseSpecific||EA|
REI-CCA|117167-REV3-REI|3_2|no||||PCBA,GPS EOS ROBUST|Assmann WSW Componen||||||||||LOCKWASHER,SPLIT,0.091 ID,0.172 OD,K,U|LW2KUXXXXX|no|183|Assmann WSW Componen|||||Generic||8||UseSpecific||EA|
REI-CCA|117167-REV3-REI|3_2|no||||PCBA,GPS EOS ROBUST|Assmann WSW Componen||||||||||LOCKWASHER,SPLIT,0.091 ID,0.172 OD,K,U|LW2KUXXXXX|no|183|Assmann WSW Componen|||||Generic||8||UseSpecific||EA|
REI-CCA|117167-REV3-REI|3_2|no||||PCBA,GPS EOS ROBUST|Assmann WSW Componen||||||||||LOCKWASHER,SPLIT,0.091 ID,0.172 OD,K,U|LW2KUXXXXX|no|183|Assmann WSW Componen|||||Generic||8||UseSpecific||EA|
REI-CCA|117167-REV3-REI|3_2|no||||PCBA,GPS EOS ROBUST|Assmann WSW Componen||||||||||LOCKWASHER,SPLIT,0.091 ID,0.172 OD,K,U|LW2KUXXXXX|no|183|Assmann WSW Componen|||||Generic||8||UseSpecific||EA|
REI-CCA|117167-REV3-REI|3_2|no||||PCBA,GPS EOS ROBUST|Assmann WSW Componen||||||||||WASHER,FLAT,0.089ID,0.175OD,K,U,XX,X,XX|WSP2KUXXXXX|no|184|Assmann WSW Componen|||||Generic||8||UseSpecific||EA|
REI-CCA|117167-REV3-REI|3_2|no||||PCBA,GPS EOS ROBUST|Assmann WSW Componen||||||||||WASHER,FLAT,0.089ID,0.175OD,K,U,XX,X,XX|WSP2KUXXXXX|no|184|Assmann WSW Componen|||||Generic||8||UseSpecific||EA|
REI-CCA|117167-REV3-REI|3_2|no||||PCBA,GPS EOS ROBUST|Assmann WSW Componen||||||||||WASHER,FLAT,0.089ID,0.175OD,K,U,XX,X,XX|WSP2KUXXXXX|no|184|Assmann WSW Componen|||||Generic||8||UseSpecific||EA|
REI-CCA|117167-REV3-REI|3_2|no||||PCBA,GPS EOS ROBUST|Assmann WSW Componen||||||||||WASHER,FLAT,0.089ID,0.175OD,K,U,XX,X,XX|WSP2KUXXXXX|no|184|Assmann WSW Componen|||||Generic||8||UseSpecific||EA|
REI-CCA|117167-REV3-REI|3_2|no||||PCBA,GPS EOS ROBUST|Assmann WSW Componen||||||||||WASHER,FLAT,0.089ID,0.175OD,K,U,XX,X,XX|WSP2KUXXXXX|no|184|Assmann WSW Componen|||||Generic||8||UseSpecific||EA|
REI-CCA|117167-REV3-REI|3_1|no||||PCBA,GPS EOS ROBUST|Assmann WSW Componen||||||||||LOCKWASHER,SPLIT,0.091 ID,0.172 OD,K,U|LW2KUXXXXX|no|183|Assmann WSW Componen|||||Generic||8||UseSpecific||EA|
REI-CCA|117167-REV3-REI|3_1|no||||PCBA,GPS EOS ROBUST|Assmann WSW Componen||||||||||LOCKWASHER,SPLIT,0.091 ID,0.172 OD,K,U|LW2KUXXXXX|no|183|Assmann WSW Componen|||||Generic||8||UseSpecific||EA|
REI-CCA|117167-REV3-REI|3_1|no||||PCBA,GPS EOS ROBUST|Assmann WSW Componen||||||||||LOCKWASHER,SPLIT,0.091 ID,0.172 OD,K,U|LW2KUXXXXX|no|183|Assmann WSW Componen|||||Generic||8||UseSpecific||EA|
REI-CCA|999999-REV3-REI|3_2|no||||PCBA,GPS EOS ROBUST|Microtips Technology||||||||||SCREW,PAN-PHIL,2-56,0.312LG,K,U,XX,X,XX|GP2-56X5/16KUXXXXX|no|177|Microtips Technology|||||Generic||8||UseSpecific||EA|
REI-CCA|999999-REV3-REI|3_2|no||||PCBA,GPS EOS ROBUST|Microtips Technology||||||||||SCREW,PAN-PHIL,2-56,0.312LG,K,U,XX,X,XX|GP2-56X5/16KUXXXXX|no|177|Microtips Technology|||||Generic||8||UseSpecific||EA|
REI-CCA|999999-REV3-REI|3_2|no||||PCBA,GPS EOS ROBUST|Microtips Technology||||||||||STANDOFF,HEX,3/16"D,2.56X1/2"L,ALUM,CLR|2057-256-AL-7|no|178|Microtips Technology|||||Electronic||4||UseSpecific||EA|
REI-CCA|999999-REV3-REI|3_2|no||||PCBA,GPS EOS ROBUST|Microtips Technology||||||||||STANDOFF,HEX,3/16"D,2.56X1/2"L,ALUM,CLR|2057-256-AL-7|no|178|Microtips Technology|||||Electronic||4||UseSpecific||EA|
